fixed acidity,volatile acidity,citric acid,residual sugar,chlorides,free sulfur dioxide,total sulfur dioxide,density,pH,sulphates,alcohol,quality_binary
-0.7627597200904866,-0.6022426666460738,-0.4299840150305054,-0.14255075874557172,-0.3371767974610206,0.24079760112666976,-0.30099211117632574,-1.0228710468738693,0.5018074837304544,-0.5873739495029757,0.42214053717694683,0
0.4444076398971786,-1.3042620429898453,0.2778157589529757,-0.35230549052231686,-0.491564035899086,-0.25317731650717384,-0.567240385322397,-0.813319340895772,-0.3106354160302029,1.0118886304841026,1.163105275208289,1
-0.417854760094011,-1.2502605525018629,0.7328298993709277,-0.3942564368776657,-0.7038464887514261,-0.9447422011945549,-0.6559898100377541,-0.21609697885833717,0.814285522099936,0.897655589056454,1.3483464597161259,0
1.938995799881907,-1.3582635334778275,0.9856155329364565,-0.6459621150097599,-0.6652496791419097,0.14200261759990104,-0.4193246774634685,0.0772754095109525,-0.9980871004430641,0.04090777834909087,0.14427876041519247,1
-0.7627597200904866,-0.22423223323019698,1.0867297863626684,2.6262117007074637,-0.5494592503133606,1.0311574693408194,2.2135749224254586,0.3601702125813286,0.18932944536096993,0.5549564647735089,0.051658168161274894,0
-1.7399904400805015,0.9908013027494071,-0.4299840150305054,-0.8137659004311559,1.3996796349672165,-0.8459472176677861,0.4681695696901024,-1.4472132514794334,1.939206460230075,-0.3017913459338549,0.5147611294308644,0
0.09950267990070293,-1.7362739668937046,1.2384011665019858,-0.47815832958836385,0.02949289382938503,-0.6483572506142486,-0.6855729516095398,-0.12179871116817305,0.31432066070876313,0.04090777834909087,-0.040962424092642676,0
0.04201851990129049,0.7477945955534867,-0.4299840150305054,-0.22645265145626947,0.08738810824365964,-0.4507672835607113,0.8527504101233165,0.33921504198355956,-0.6856090620735797,-0.4160243873615035,-1.1524095311396585,0
1.7665433198836697,-0.9262516095739683,2.097872320624784,-0.31035454416696756,0.02949289382938503,-0.9447422011945549,-0.7447392347531112,1.7222563014387575,-0.8730958850952709,-0.24467482522003062,-1.1524095311396585,0
-0.30288644009518567,2.0438303672650644,-1.0366695355877749,-0.47815832958836385,-0.5880560599228789,0.6359775352337447,0.024422446113316957,-0.7661702070507481,1.2517547758172107,-1.3298887187826913,0.23689935266911005,0
0.4444076398971786,-1.034254590549933,0.7328298993709277,-0.5620602222990617,-0.5880560599228789,-0.6483572506142486,-0.8334886594684683,-1.4629296294277747,-0.810600277421373,-0.6444904702168001,0.8852434984465364,0
0.5018917998965909,-0.5482411761580914,1.0867297863626684,-0.0586488660348736,-0.04770072538964779,0.7347725187605133,2.06565921456653,0.46494606557040635,-0.49812223905189135,-0.13044178379238203,-0.8745477543779041,0
-0.7052755600910742,0.31578267164962703,-1.3400122958664096,-0.14255075874557172,-0.16349115421819677,1.1299524528675882,-0.09391012017382583,-0.6352003908144155,0.6892943067521428,-0.4731409080753278,0.23689935266911005,0
-0.9926963600881374,-0.1702307427422145,-1.188340915727092,-0.31035454416696756,-0.39507201187529495,-0.9447422011945549,-0.9518212257556111,-0.6352003908144155,0.5018074837304544,-0.13044178379238203,-0.9671683466318217,0
-0.417854760094011,1.989828876777082,-1.0872266623008806,0.025253026675824523,-0.18278955902295496,-1.0435371847213235,-1.070153792042754,-0.00654527288023989,0.5018074837304544,-0.5873739495029757,-0.5966859776161497,0
-1.0501805200875498,-0.11622925225423204,-0.6322125218829285,0.44476249022931474,-0.4722656310943278,-0.35197230003394253,-0.567240385322397,-1.9972864796718444,0.1268338376870747,-0.4160243873615035,2.1819317900013875,0
-1.1076646800869623,0.20777969067366212,-0.7838839020222459,-0.14255075874557172,0.6084450379721307,0.9323624858140508,-0.30099211117632574,-0.7976029629474307,1.0017723451216272,0.26937386120438744,0.7926229061926188,1
0.6168601198954169,0.31578267164962703,-0.6827696485960343,-0.3942564368776657,-0.08629753499916394,0.9323624858140508,0.054005587685102656,0.7268856980429552,-1.0605827081169594,-0.5873739495029757,-0.689306569870069,0
-0.015465640098121944,0.4507863978695832,-0.278312634891188,0.10915491938652265,-0.028402320584889586,-0.9447422011945549,-0.8039055178966826,0.7792736245374651,-0.3106354160302029,-0.3017913459338549,-1.0597889388857393,0
1.6515749998848437,-0.7102456476220385,1.1372869130757741,-0.3942564368776657,0.20317853707220887,0.3395925846534385,0.11317187082867405,0.5854382965077672,-1.3105651388125459,-0.4731409080753278,-0.040962424092642676,0
-0.6477914000916613,0.666792359821513,-1.238898042440198,-0.5620602222990617,-0.20208796382771316,-0.8459472176677861,-1.0109875088991824,-0.4413650627847176,0.18932944536096993,-1.5583548016379882,-0.8745477543779041,0
-0.5903072400922489,1.6388191886051962,-1.238898042440198,-0.31035454416696756,0.06808970343890143,-0.54956226708748,-0.8039055178966826,-0.058933199374749674,0.5018074837304544,-1.1014226359273944,-0.7819271621239865,0
0.4444076398971786,1.2608087551893195,-1.188340915727092,-0.7298640077204578,-0.20208796382771316,-1.1423321682480923,-0.9518212257556111,0.6744977715484455,-0.1231485930085117,-0.7016069909306244,-0.689306569870069,0
-0.7627597200904866,-0.8182486285980034,1.0867297863626684,0.025253026675824523,0.1645817274626906,1.7227223540282004,1.1485818258411735,-0.26848490535284697,0.5018074837304544,0.6120729854873332,0.8852434984465364,0
-0.877728040089312,0.6397916145775218,-1.2894551691533038,-0.31035454416696756,-0.20208796382771316,-0.7471522341410174,-0.9222380841838254,-0.9076176085859361,0.2518250530348679,-0.24467482522003062,-0.040962424092642676,0
-1.2801171600852006,-1.034254590549933,-0.12664125475187066,-0.5620602222990617,-0.08629753499916394,-1.1423321682480923,-0.5376572437506113,-1.0857365586672927,0.31432066070876313,-1.272772198068867,-0.31882420085439706,0
0.04201851990129049,-0.8722501190859859,0.7833870260840335,-0.14255075874557172,-0.491564035899086,-0.35197230003394253,-0.8039055178966826,-0.6352003908144155,-0.8730958850952709,0.8405390683426304,0.7000023139386996,1
0.27195515989894126,0.423785652625592,-0.6827696485960343,-0.0586488660348736,-0.41437041668005314,-0.54956226708748,-0.12349326174561154,0.09823058010877968,-0.7481046697474778,-0.4160243873615035,-0.8745477543779041,0
-0.18791812009636027,-1.2502605525018629,1.7945295603461493,-0.7298640077204578,-0.14419274941343854,0.04320763407313233,-0.5080741021788256,-0.43612627013528993,-0.06065298533461649,0.6691895062011575,0.3295199449230293,0
-0.30288644009518567,0.15377820018568025,-0.4299840150305054,-0.5620602222990617,0.29967056109599965,-0.35197230003394253,0.024422446113316957,-0.1637090523638274,-0.7481046697474778,1.5259373169085213,-0.8745477543779041,0
0.4444076398971786,-1.3582635334778275,1.0361726596495624,-0.5620602222990617,-0.41437041668005314,1.0311574693408194,-0.00516069545846874,-0.00654527288023989,0.06433823001317672,2.154219044760588,0.14427876041519247,0
-0.9926963600881374,0.9097990670174335,-0.986112408874669,0.10915491938652265,0.33826737070551605,-0.1543823329804051,-0.567240385322397,-0.032739236127494784,0.814285522099936,-0.4731409080753278,-0.22620360860047947,0
0.4444076398971786,-1.6822724764057222,-0.1771983814649765,-0.31035454416696756,-0.20208796382771316,-1.4387171188283985,-0.5376572437506113,1.1983770364936015,0.6267986990782476,1.1832381926255755,-0.13358301634656025,0
-0.7627597200904866,0.4777871431135744,-0.48054114174361123,-0.8137659004311559,-0.5108624407038441,-0.8459472176677861,0.11317187082867405,-0.8447520967925127,-1.435556354160339,-0.3589078666476792,-1.0597889388857393,0
0.5593759598960044,-0.764247138110021,0.6317156459447163,0.10915491938652265,-0.2985799878515042,-0.54956226708748,-0.5968235268941827,0.8840494775264846,0.18932944536096993,0.4978399440596846,-0.22620360860047947,0
-1.2226330000857877,0.5857901240895393,-0.9355552821615634,0.025253026675824523,-0.14419274941343854,-0.055587349453636394,-0.5968235268941827,-0.6980659026078389,1.6267284218605904,-0.1875583045062063,1.4409670519700435,0
-0.3603706000945981,1.6388191886051962,-1.3905694225795153,0.10915491938652265,-0.14419274941343854,-0.9447422011945549,-0.9518212257556111,0.41255813907589656,-0.06065298533461649,-0.815840032358273,-1.0597889388857393,0
0.27195515989894126,-1.0882560810379154,0.6822727726578218,2.8779173788395584,-0.2985799878515042,-0.8459472176677861,-0.9814043673273968,-0.06941078467366327,-0.06065298533461649,-0.24467482522003062,1.533587644223961,1
-1.2801171600852006,0.3697841621376095,-0.986112408874669,-0.5620602222990617,-0.3371767974610206,-0.1543823329804051,-0.03474383703025444,-1.7563020177970645,0.43931187605655636,-0.7016069909306244,0.5147611294308644,0
-1.1651488400863752,0.0997767096976978,-0.6322125218829285,-0.5620602222990617,-0.22138636863247138,1.0311574693408194,-0.3305752527481114,-1.8715554560849976,0.06433823001317672,0.897655589056454,1.0704846829543715,0
0.5593759598960044,-0.9262516095739683,0.5811585192316104,-0.8137659004311559,-0.16349115421819677,2.51308222224235,0.2610875786876025,-0.10084354057040402,1.0017723451216272,0.383606902632036,0.42214053717694683,0
-0.5903072400922489,1.0718035384813809,-0.1771983814649765,-0.47815832958836385,0.37686418031503244,0.24079760112666976,1.6514952325615304,-0.00654527288023989,-0.3106354160302029,-0.4160243873615035,-1.0597889388857393,0
-0.3603706000945981,-1.4122650239658099,2.0473151939116785,0.864271953782805,5.20146538150458,-1.0435371847213235,-1.070153792042754,0.25539435959230905,-0.3731310237040981,2.3826851276158854,-0.5040653853622322,1
1.1917017198895432,-1.4662665144537923,1.0361726596495624,-0.47815832958836385,-0.43366882148481134,-0.9447422011945549,-1.070153792042754,0.2763495301901362,0.1268338376870747,1.1832381926255755,0.42214053717694683,0
2.053964119880733,0.20777969067366212,1.1372869130757741,0.10915491938652265,-0.12489434460868222,-0.9447422011945549,-0.4193246774634685,2.036583860405816,-1.1855739234647527,0.6691895062011575,0.23689935266911005,0
0.21447099989952778,-0.27823372371817945,0.12614437881365825,0.2769587048079185,-0.43366882148481134,-0.54956226708748,-0.5376572437506113,-0.1637090523638274,0.1268338376870747,0.04090777834909087,0.7000023139386996,1
0.27195515989894126,2.286837074460985,-1.1377837890139866,-0.5620602222990617,-0.2599831782419878,-1.0435371847213235,-0.8039055178966826,-0.289440075950616,-0.06065298533461649,-1.272772198068867,-0.7819271621239865,0
-0.3603706000945981,0.15377820018568025,-0.37942688831739957,-0.3942564368776657,-0.2599831782419878,-0.6483572506142486,-0.21224268646096864,1.041213257010072,1.0642679527955223,-0.24467482522003062,-1.0597889388857393,0
-0.015465640098121944,-1.0882560810379154,0.7328298993709277,-0.14255075874557172,-0.35647520226577856,-0.6483572506142486,-0.7743223763248969,-1.2848106793464182,0.43931187605655636,0.6120729854873332,2.089311197747468,1
-0.30288644009518567,0.423785652625592,0.07558725210055241,-0.7298640077204578,0.49265460914358167,-0.6483572506142486,-0.5080741021788256,0.3601702125813286,-0.3106354160302029,5.124278121879449,-1.245030123393576,0
-0.417854760094011,0.045775219209715334,-0.7333267753091401,0.025253026675824523,0.1645817274626906,0.833567502287282,0.5865021359772452,0.5959158818066808,0.5018074837304544,-0.3017913459338549,-0.9671683466318217,0
-0.0729498000975354,0.15377820018568025,-0.22775550817808218,0.7803700610721068,-0.20208796382771316,-0.1543823329804051,1.7106615157051017,0.46494606557040635,-0.1856442006824097,-0.24467482522003062,-0.9671683466318217,0
-0.0729498000975354,0.9097990670174335,-0.22775550817808218,-0.3942564368776657,0.20317853707220887,-0.1543823329804051,1.0302492595540307,0.3077822860868188,-0.7481046697474778,0.21225734049056313,-0.9671683466318217,0
-0.015465640098121944,0.3697841621376095,-0.12664125475187066,-0.22645265145626947,0.5698482283626142,-0.6483572506142486,-0.24182582803275432,-0.289440075950616,-0.9980871004430641,-0.7587235116444486,-0.5966859776161497,0
-0.7627597200904866,1.3418109909212932,-0.986112408874669,-0.3942564368776657,0.08738810824365964,-0.54956226708748,-0.8039055178966826,-0.5828124643199056,0.5643030914043495,-1.1014226359273944,-0.4114447931083146,0
-0.0729498000975354,-0.5482411761580914,0.07558725210055241,-0.7298640077204578,-0.14419274941343854,1.1299524528675882,-0.03474383703025444,-0.35754438039352526,-0.3731310237040981,-0.7016069909306244,-0.13358301634656025,0
-0.2454022800957727,-0.062227761766249584,-0.07608412803876483,-0.47815832958836385,-0.18278955902295496,2.611877205769119,2.7756546122893866,-0.1637090523638274,-0.49812223905189135,-0.7016069909306244,-0.8745477543779041,0
-0.30288644009518567,0.0997767096976978,-1.3905694225795153,-0.6459621150097599,-0.35647520226577856,-0.8459472176677861,-0.8630718010402539,-0.06417199202423556,-0.3106354160302029,-0.13044178379238203,-0.9671683466318217,0
-0.0729498000975354,0.31578267164962703,-1.3905694225795153,0.025253026675824523,0.08738810824365964,0.3395925846534385,0.34983700340295965,1.827032154427777,1.1892591681433156,-0.07332526307855772,-1.0597889388857393,0
1.824027479883082,0.31578267164962703,1.592301053493726,0.10915491938652265,-0.028402320584889586,-0.25317731650717384,0.08358872925688836,1.0936011835045818,-0.810600277421373,-0.07332526307855772,0.5147611294308644,0
0.27195515989894126,-1.2502605525018629,0.5306013925185047,-0.14255075874557172,-0.5494592503133606,0.3395925846534385,0.7640009854079594,-0.671871939360584,0.5018074837304544,0.3264903819182117,1.2557258674622083,0
1.8815116398824945,-0.6562441571340564,1.3395154199281973,-0.8137659004311559,0.12598491785317606,0.6359775352337447,-0.15307640331739722,0.3339762493340737,-1.8105300002037186,0.5549564647735089,-0.5040653853622322,1
0.5593759598960044,-0.764247138110021,0.8339441527971394,-0.31035454416696756,0.35756577551027424,1.8215173375549691,2.3319074887126012,0.5697219185594259,-1.0605827081169594,3.182316417609424,-0.8745477543779041,0
-0.2454022800957727,-1.2502605525018629,2.0473151939116785,4.891562803896312,-0.7424432983609424,2.1672997798986597,7.183542706485456,-1.861077870786084,-1.8730256078776166,-0.8729565530720973,1.7188288287317979,1
0.5018917998965909,-0.062227761766249584,3.665143248731064,0.7803700610721068,10.064663392303643,1.6239273705014319,0.6752515606926023,1.5127045954607183,-3.560407015072821,7.637405033287715,-0.9671683466318217,0
-0.3603706000945981,2.3408385649489674,-0.8849981554484575,-0.31035454416696756,0.4540577995340634,-0.4507672835607113,-0.7151560931813254,-0.21609697885833717,-0.3106354160302029,-0.9300730737859215,-0.8745477543779041,0
0.90428091989248,-1.1422575715258978,1.440629673354409,-0.3942564368776657,-0.2985799878515042,-1.241127151774861,-1.1293200751863253,-0.719021073205666,-0.9980871004430641,0.383606902632036,0.8852434984465364,0
1.3066700398883682,-1.1962590620138804,1.0867297863626684,-0.22645265145626947,-0.491564035899086,0.24079760112666976,-0.18265954488918293,0.46494606557040635,-1.0605827081169594,-0.8729565530720973,-0.5966859776161497,0
-0.015465640098121944,0.045775219209715334,-0.1771983814649765,0.7803700610721068,-0.24068477343722958,0.04320763407313233,1.9473266482793872,0.46494606557040635,-0.24813980835630492,-0.3017913459338549,-0.9671683466318217,0
0.6743442798948293,-0.38623670469414406,1.0867297863626684,3.21352494968235,-0.4722656310943278,-1.0435371847213235,-0.8630718010402539,1.0936011835045818,-0.6231134543996846,0.383606902632036,0.5147611294308644,0
-0.2454022800957727,-1.0882560810379154,0.6822727726578218,-0.8137659004311559,-0.6266528695323953,-0.9447422011945549,-0.3305752527481114,-1.4419744588300056,-0.1231485930085117,0.26937386120438744,0.5147611294308644,0
-0.2454022800957727,1.0178020479933985,-1.3400122958664096,-0.47815832958836385,-0.24068477343722958,-0.8459472176677861,-0.4193246774634685,-0.01702285817915348,0.5018074837304544,-0.7016069909306244,-0.7819271621239865,0
2.341384919877796,-0.9802531000619508,1.0867297863626684,0.10915491938652265,-0.18278955902295496,1.1299524528675882,0.6752515606926023,1.4079287424716407,-1.1855739234647527,0.4978399440596846,-0.040962424092642676,0
-0.3603706000945981,2.1788340934850208,0.7833870260840335,-0.22645265145626947,0.49265460914358167,0.6359775352337447,2.0064929314229585,0.15061850660328946,-0.3731310237040981,0.383606902632036,-1.1524095311396585,0
-0.3603706000945981,1.3148102456773019,0.7328298993709277,-0.47815832958836385,0.06808970343890143,-0.7471522341410174,1.1781649674129593,-0.4256486848363763,-0.49812223905189135,-0.4160243873615035,-0.8745477543779041,0
0.21447099989952778,0.855797576529451,0.17670150552676409,0.44476249022931474,-0.04770072538964779,0.7347725187605133,1.0302492595540307,1.827032154427777,1.0642679527955223,0.44072342334586034,1.0704846829543715,0
0.09950267990070293,-1.3582635334778275,1.440629673354409,-0.5620602222990617,0.06808970343890143,1.9203123210817379,1.681078374133316,0.09823058010877968,-0.06065298533461649,0.4978399440596846,0.051658168161274894,1
0.6168601198954169,0.8287968312854604,-0.8344410287353518,0.19305681209722075,-0.22138636863247138,-0.9447422011945549,-0.44890781903525423,0.8840494775264846,-0.7481046697474778,0.21225734049056313,-0.31882420085439706,0
-0.30288644009518567,-0.1702307427422145,-0.7838839020222459,-0.5620602222990617,1.7277525166481054,-0.9447422011945549,-0.7447392347531112,-0.37326075834186656,-0.1856442006824097,1.1832381926255755,-0.5966859776161497,0
1.824027479883082,-1.8982784383576516,1.1878440397888799,1.2837814173362951,0.29967056109599965,-1.1423321682480923,-0.6855729516095398,1.5127045954607183,-0.1856442006824097,1.754403399763818,-0.31882420085439706,0
2.22641659987897,-0.27823372371817945,1.3395154199281973,0.10915491938652265,-0.06699913019440573,0.3395925846534385,0.5273358528336738,1.7222563014387575,-1.3105651388125459,-0.3017913459338549,0.051658168161274894,0
-0.8202438800898991,0.15377820018568025,-1.238898042440198,-0.8137659004311559,-0.04770072538964779,2.019107304608507,-0.00516069545846874,-0.7818865849990894,1.376745991165004,-0.530257428789152,0.14427876041519247,0
0.21447099989952778,0.5317886336015569,0.025030125387446853,0.19305681209722075,0.14528332265793426,0.14200261759990104,0.6752515606926023,0.328737456684646,-0.3106354160302029,-0.1875583045062063,-0.22620360860047947,0
0.4444076398971786,0.8017960860414691,-0.8344410287353518,0.2769587048079185,0.08738810824365964,-0.4507672835607113,-0.06432697860204013,1.1355115247001781,0.0018426223392815047,-0.6444904702168001,-0.8745477543779041,0
2.053964119880733,-0.764247138110021,2.097872320624784,0.2769587048079185,0.12598491785317606,0.14200261759990104,-0.3305752527481114,1.4079287424716407,-1.3105651388125459,-0.3017913459338549,0.3295199449230293,0
1.7090591598842573,-1.034254590549933,0.8845012795102452,-0.3942564368776657,-0.12489434460868222,-0.9447422011945549,-0.9222380841838254,1.0936011835045818,-2.3104948615948917,-0.016208742364733426,-1.1524095311396585,0
-0.4753389200934235,-1.1962590620138804,0.6822727726578218,-0.0586488660348736,-0.45296722628956954,1.8215173375549691,0.409003286546531,-0.9390503644826187,0.18932944536096993,1.069005151197927,0.8852434984465364,0
0.04201851990129049,-0.9262516095739683,0.22725863223986992,-0.22645265145626947,-0.14419274941343854,1.6239273705014319,0.9710829764104593,-0.1637090523638274,-0.06065298533461649,0.3264903819182117,0.5147611294308644,0
-0.5328230800928359,0.8017960860414691,-0.5816553951698228,-0.5620602222990617,-0.20208796382771316,-0.35197230003394253,-0.21224268646096864,0.5173339920649161,1.1892591681433156,0.21225734049056313,-0.5040653853622322,0
0.27195515989894126,0.423785652625592,0.12614437881365825,0.2769587048079185,-0.009103915780131382,0.14200261759990104,-0.00516069545846874,0.46494606557040635,-0.3106354160302029,-0.8729565530720973,-1.0597889388857393,0
2.456353239876621,-0.6562441571340564,1.3395154199281973,0.2769587048079185,0.2803721562912414,0.3395925846534385,-0.15307640331739722,1.402689949822213,-0.6231134543996846,0.5549564647735089,0.7926229061926188,0
-0.7627597200904866,0.4777871431135744,-0.986112408874669,-0.5620602222990617,-0.24068477343722958,-0.7471522341410174,-0.6559898100377541,0.5697219185594259,1.0642679527955223,-0.7587235116444486,-1.3376507156474937,0
-0.7052755600910742,-0.38623670469414406,-0.6827696485960343,0.2769587048079185,-0.24068477343722958,-0.055587349453636394,-0.27140896960454003,-0.2475297347550198,0.31432066070876313,-0.9871895944997459,0.23689935266911005,0
-0.417854760094011,-0.9262516095739683,0.17670150552676409,-0.6459621150097599,-0.18278955902295496,1.0311574693408194,0.5569189944054596,0.23443918899454003,0.9392767374477292,-0.24467482522003062,-0.8745477543779041,0
0.21447099989952778,-1.0882560810379154,0.5306013925185047,0.6964681683614088,-0.491564035899086,-0.54956226708748,-0.8039055178966826,-1.0647813880694654,-0.06065298533461649,0.383606902632036,1.4409670519700435,1
0.21447099989952778,-0.062227761766249584,-0.9355552821615634,0.025253026675824523,0.048791298634143235,0.4383875681802072,0.08358872925688836,0.46494606557040635,0.18932944536096993,1.1261216719117513,0.14427876041519247,1
1.1917017198895432,-1.5742694954297574,0.935058406223351,-0.5620602222990617,-0.2599831782419878,-0.9447422011945549,-0.7447392347531112,0.46494606557040635,-0.3731310237040981,2.0399860033329396,0.3295199449230293,1
0.90428091989248,0.31578267164962703,-1.0366695355877749,0.7803700610721068,0.2610737514864832,1.6239273705014319,0.7344178438361737,1.8008381911805802,0.0018426223392815047,0.26937386120438744,-0.5966859776161497,0
1.421638359887194,-0.33223521420616187,0.7833870260840335,-0.31035454416696756,1.5926636830147987,1.1299524528675882,0.5865021359772452,0.7792736245374651,-0.8730958850952709,0.5549564647735089,0.3295199449230293,0
-0.2454022800957727,-1.0882560810379154,-0.22775550817808218,-0.6459621150097599,-0.22138636863247138,0.24079760112666976,-0.03474383703025444,-0.24229094210559207,-0.1231485930085117,-0.07332526307855772,-1.0597889388857393,0
0.3294393198983537,-2.2222873812855464,0.8845012795102452,-0.5620602222990617,-0.2599831782419878,-0.54956226708748,-0.7447392347531112,-0.62472280551556,0.6267986990782476,0.5549564647735089,1.3483464597161259,1
0.04201851990129049,2.718848998364844,-0.6322125218829285,2.9618192715502563,-0.2985799878515042,-0.4507672835607113,0.23150443711581684,1.1983770364936015,0.37681626838266113,-0.9871895944997459,-0.5040653853622322,0
0.04201851990129049,0.15377820018568025,-1.188340915727092,-0.3942564368776657,-0.12489434460868222,-0.54956226708748,-0.7151560931813254,0.46494606557040635,-0.5606178467257865,-1.272772198068867,-0.7819271621239865,0
-1.0501805200875498,-1.034254590549933,-0.025527001325658983,0.2769587048079185,-0.41437041668005314,-0.7471522341410174,-0.06432697860204013,-1.504839970623429,-0.6231134543996846,-0.5873739495029757,1.4409670519700435,0
-0.3603706000945981,0.5857901240895393,-0.3288697616042939,-0.22645265145626947,-0.22138636863247138,1.6239273705014319,2.568572621286887,-0.5828124643199056,-0.24813980835630492,-1.2156556773550427,-0.5040653853622322,0
-0.13043396009694783,1.3418109909212932,-0.8849981554484575,0.6964681683614088,0.02949289382938503,-1.1423321682480923,-0.9814043673273968,0.9626313672683074,0.31432066070876313,-0.9871895944997459,-0.8745477543779041,0
3.08867899987016,-0.6292434118900652,2.0473151939116785,0.36086059751861665,-0.06699913019440573,0.14200261759990104,-0.09391012017382583,2.455687272362011,-1.5605475695081323,0.7834225476288061,-0.4114447931083146,0
-0.877728040089312,0.423785652625592,-0.37942688831739957,-0.5620602222990617,-0.22138636863247138,-0.4507672835607113,0.5569189944054596,0.20300643309779925,1.439241598838902,-0.4731409080753278,-1.0597889388857393,0
-0.5328230800928359,0.9097990670174335,-1.3905694225795153,-0.47815832958836385,-0.24068477343722958,-0.4507672835607113,-0.3601583943198971,0.5697219185594259,1.2517547758172107,-0.5873739495029757,-0.9671683466318217,0
-0.3603706000945981,0.855797576529451,-0.278312634891188,-0.47815832958836385,-0.08629753499916394,0.24079760112666976,1.4148300999872447,-0.32087283184735677,0.0018426223392815047,-1.0443061152135702,-0.8745477543779041,0
0.15698683990011536,-0.6022426666460738,0.5811585192316104,-0.5620602222990617,-0.39507201187529495,-0.9447422011945549,-1.0109875088991824,-0.813319340895772,0.2518250530348679,0.15514081977673883,1.163105275208289,1
0.3294393198983537,0.18077894542967088,0.3283728856660816,0.44476249022931474,0.08738810824365964,0.04320763407313233,1.9473266482793872,1.6174804484497378,0.43931187605655636,-0.3017913459338549,-0.8745477543779041,0
-0.4753389200934235,-0.008226271278267125,-1.0872266623008806,0.10915491938652265,-0.04770072538964779,0.4383875681802072,-0.06432697860204013,-0.11132112586925946,0.43931187605655636,-0.4160243873615035,0.23689935266911005,0
0.90428091989248,-0.7102456476220385,1.2889582932150916,3.5491325205251427,0.1645817274626906,-0.9447422011945549,-0.8039055178966826,0.9888253305155623,-0.24813980835630492,0.897655589056454,1.163105275208289,1
-0.30288644009518567,1.530816207629231,-1.3400122958664096,0.10915491938652265,-0.279281583046746,3.204647106929731,1.296497533700102,-0.2632461127033611,0.43931187605655636,-0.24467482522003062,0.3295199449230293,0
-0.2454022800957727,-1.034254590549933,0.42948713909229297,-0.47815832958836385,-0.45296722628956954,-1.0435371847213235,-1.070153792042754,-1.3214822278925866,-0.24813980835630492,-0.7016069909306244,0.7000023139386996,1
-0.2454022800957727,-1.1422575715258978,1.1878440397888799,-0.5620602222990617,4.873392499823691,0.14200261759990104,0.2906707202593882,0.09823058010877968,-1.6855387848559253,2.3826851276158854,-1.1524095311396585,0
2.3988690798772083,0.3697841621376095,1.0867297863626684,1.5354870954683892,0.22247694187696707,-1.0435371847213235,-0.9518212257556111,2.246135566383855,-0.3731310237040981,0.44072342334586034,1.3483464597161259,0
-0.4753389200934235,0.0997767096976978,-0.1771983814649765,-0.3942564368776657,-0.20208796382771316,-0.54956226708748,-0.5376572437506113,0.8316615510319748,0.8767811297738339,0.6691895062011575,-0.8745477543779041,0
-1.0501805200875498,-0.38623670469414406,-0.6827696485960343,-0.0586488660348736,0.49265460914358167,-0.6483572506142486,-0.27140896960454003,0.3182598713857324,2.1891888909256614,-0.07332526307855772,-0.5966859776161497,0
0.3869234798977661,-0.5482411761580914,0.3283728856660816,0.025253026675824523,-0.16349115421819677,1.0311574693408194,1.1781649674129593,1.041213257010072,0.43931187605655636,-0.24467482522003062,-0.8745477543779041,0
-1.0501805200875498,-0.764247138110021,-0.22775550817808218,4.891562803896312,-0.7231448935561843,1.228747436394357,1.3260806752718877,-0.792364170298003,0.814285522099936,-0.6444904702168001,1.533587644223961,0
0.3869234798977661,1.3688117361652843,-0.1771983814649765,-0.6459621150097599,-0.20208796382771316,-0.54956226708748,-0.7447392347531112,0.10870816540769326,-0.1231485930085117,0.04090777834909087,-0.4114447931083146,0
1.421638359887194,-1.4662665144537923,0.8845012795102452,0.6964681683614088,-0.5494592503133606,0.4383875681802072,0.08358872925688836,0.25539435959230905,-1.1230783157908575,-0.7016069909306244,-0.7819271621239865,0
0.04201851990129049,0.4777871431135744,-0.7838839020222459,-0.5620602222990617,-0.3178783926562624,2.216697271662044,-0.00516069545846874,-0.8761848526891953,0.43931187605655636,1.2974712340532242,1.2557258674622083,0
-0.5903072400922489,0.8827983217734423,-1.3905694225795153,0.025253026675824523,-0.2599831782419878,-1.241127151774861,-0.9814043673273968,0.6744977715484455,1.1267635604694204,-0.815840032358273,-1.1524095311396585,0
-0.7052755600910742,-0.27823372371817945,0.025030125387446853,0.2769587048079185,-0.39507201187529495,-0.9447422011945549,-0.8926549426120397,0.05632023891318348,-0.43562663137799335,-0.7587235116444486,-0.13358301634656025,0
1.5940908398854314,-0.764247138110021,1.3395154199281973,0.19305681209722075,0.12598491785317606,0.5371825517069759,1.6219120909897446,1.7746442279332673,-1.1230783157908575,-0.8729565530720973,-0.8745477543779041,0
-0.9352122000887245,0.7477945955534867,-1.2894551691533038,-0.47815832958836385,-0.5301608455086024,1.0311574693408194,-0.12349326174561154,-0.95476674243096,0.5018074837304544,0.897655589056454,0.42214053717694683,0
-0.4753389200934235,0.26178118116164456,-0.37942688831739957,-0.3942564368776657,-0.2985799878515042,1.8215173375549691,-0.06432697860204013,-0.9285727791837052,-1.3105651388125459,-1.3298887187826913,-1.0597889388857393,0
-0.9926963600881374,0.9367998122614247,-1.0366695355877749,-0.7298640077204578,-0.24068477343722958,-0.9447422011945549,-0.9222380841838254,-0.26848490535284697,0.814285522099936,-0.4731409080753278,0.23689935266911005,0
-0.0729498000975354,1.1258050289693633,-0.9355552821615634,-0.3942564368776657,-0.41437041668005314,-1.0435371847213235,-1.070153792042754,-1.3267210205420725,-0.1856442006824097,-0.530257428789152,1.2557258674622083,0
0.3294393198983537,-0.27823372371817945,-0.1771983814649765,0.31890965116326775,0.10668651304841785,1.9203123210817379,1.7698277988486733,0.7792736245374651,-1.3105651388125459,-0.7587235116444486,-1.1524095311396585,0
-0.13043396009694783,1.5848176981172137,-0.1771983814649765,-0.31035454416696756,-0.08629753499916394,-1.0435371847213235,-0.9814043673273968,0.25539435959230905,0.37681626838266113,0.6120729854873332,0.23689935266911005,0
-0.4753389200934235,0.20777969067366212,-1.2894551691533038,0.10915491938652265,-0.22138636863247138,-0.4507672835607113,-0.3305752527481114,-0.5985288422683052,0.31432066070876313,-0.24467482522003062,0.3295199449230293,0
-1.9124429200787394,2.745849743608836,-0.1771983814649765,-0.7298640077204578,-0.7424432983609424,1.6239273705014319,1.4739963831308163,-1.7353468471992954,2.6891537523168343,-0.24467482522003062,0.9778640907004539,0
-0.18791812009636027,0.7477945955534867,0.12614437881365825,-0.3942564368776657,-0.5494592503133606,2.216697271662044,0.4681695696901024,-0.4780366113308861,-0.3106354160302029,-0.5873739495029757,-0.22620360860047947,0
1.3066700398883682,1.6118184433612048,0.48004426580539883,0.10915491938652265,-0.04770072538964779,1.0311574693408194,0.704834702264388,0.7268856980429552,-0.9355914927691662,-0.815840032358273,-0.5040653853622322,0
1.421638359887194,-0.7102456476220385,0.6822727726578218,-0.22645265145626947,-0.08629753499916394,-0.8459472176677861,-0.8630718010402539,0.8840494775264846,-1.435556354160339,0.04090777834909087,-1.0597889388857393,0
0.3294393198983537,1.854825150557126,-0.7333267753091401,0.8223210074274561,-0.009103915780131382,-1.1423321682480923,-0.9518212257556111,1.4079287424716407,0.814285522099936,-0.815840032358273,0.9778640907004539,0
-0.18791812009636027,-0.764247138110021,0.12614437881365825,-0.47815832958836385,-0.279281583046746,1.6239273705014319,1.1189986842693878,0.23967798164396772,0.5018074837304544,-0.3017913459338549,-1.3376507156474937,0
-0.9926963600881374,0.423785652625592,-1.3400122958664096,-0.47815832958836385,-0.16349115421819677,-0.7471522341410174,-0.6264066684659684,0.39160296847806936,2.3766757139473498,0.383606902632036,0.051658168161274894,0
-0.5903072400922489,-0.4402381951821265,0.42948713909229297,2.8779173788395584,-0.279281583046746,-0.35197230003394253,1.2077481089847448,0.5697219185594259,0.1268338376870747,0.9547721097702784,0.051658168161274894,0
0.27195515989894126,-0.38623670469414406,0.8845012795102452,0.10915491938652265,-0.45296722628956954,-0.8459472176677861,-0.8334886594684683,-1.0543038027705518,0.06433823001317672,0.7263060269149818,3.2933788970484015,0
-0.7052755600910742,0.15377820018568025,-0.6827696485960343,-0.7298640077204578,-0.20208796382771316,-0.8459472176677861,-0.8334886594684683,-0.41517109953746273,-0.24813980835630492,-0.24467482522003062,-1.0597889388857393,0
-0.7627597200904866,0.20777969067366212,-1.3905694225795153,-0.3942564368776657,1.959333374305204,-0.35197230003394253,-0.03474383703025444,0.024887483016442714,0.0018426223392815047,-0.3589078666476792,-0.9671683466318217,0
0.21447099989952778,0.7747953407974779,-0.8849981554484575,-0.7298640077204578,0.02949289382938503,-1.1423321682480923,-1.0405706504709682,0.3863641758285835,0.0018426223392815047,-0.07332526307855772,-0.8282374582509445,0
-0.5328230800928359,-0.22423223323019698,-0.025527001325658983,-0.31035454416696756,-0.3371767974610206,-0.1543823329804051,-0.6264066684659684,-1.483884800025602,0.2518250530348679,-0.1875583045062063,1.4409670519700435,0
-0.877728040089312,0.7477945955534867,-0.6322125218829285,-0.5620602222990617,0.5698482283626142,-0.25317731650717384,-0.7743223763248969,-0.6875883173089834,0.6892943067521428,0.04090777834909087,0.7926229061926188,0
-0.7052755600910742,0.8017960860414691,-1.3905694225795153,-0.22645265145626947,-0.2985799878515042,-0.35197230003394253,-0.7151560931813254,0.09823058010877968,1.0642679527955223,-0.9300730737859215,-1.0597889388857393,0
0.7893125998936542,-0.6022426666460738,0.935058406223351,-0.31035454416696756,-0.279281583046746,-1.0435371847213235,-0.8926549426120397,-0.11655991851874534,-0.24813980835630492,0.44072342334586034,1.7188288287317979,0
-0.9926963600881374,-0.062227761766249584,-1.188340915727092,-0.22645265145626947,-0.37577360707053675,-0.7471522341410174,-0.9222380841838254,-0.5828124643199056,0.5643030914043495,-0.1875583045062063,-0.9671683466318217,0
-0.015465640098121944,-1.1962590620138804,0.5811585192316104,-0.0586488660348736,-0.20208796382771316,0.14200261759990104,-0.09391012017382583,-1.1905124116563122,0.0018426223392815047,0.6120729854873332,1.9040700132396329,1
-0.30288644009518567,0.5317886336015569,1.0361726596495624,-0.6459621150097599,0.22247694187696707,-0.1543823329804051,1.4739963831308163,-0.32087283184735677,-0.7481046697474778,-0.24467482522003062,-0.8745477543779041,0
-0.13043396009694783,0.07277596445370657,-0.48054114174361123,-0.47815832958836385,-0.16349115421819677,-0.25317731650717384,-0.3305752527481114,0.25539435959230905,-0.06065298533461649,-0.4160243873615035,-1.3376507156474937,0
0.09950267990070293,-0.38623670469414406,0.17670150552676409,-0.1845017051009206,-0.20208796382771316,1.6239273705014319,0.34983700340295965,0.6744977715484455,0.1268338376870747,-0.7016069909306244,-0.5966859776161497,0
-0.30288644009518567,1.8278244053131347,-0.07608412803876483,1.115977631914899,0.35756577551027424,1.5251323869746631,0.6160852775490309,-0.01702285817915348,-0.3106354160302029,-1.1585391566412184,-1.1524095311396585,0
-1.2226330000857877,-0.4402381951821265,-0.37942688831739957,-0.7298640077204578,-0.37577360707053675,-1.241127151774861,-0.9222380841838254,-0.4780366113308861,0.6267986990782476,-0.5873739495029757,-1.1524095311396585,0
1.5940908398854314,-0.9802531000619508,1.0361726596495624,0.5286643829400128,0.02949289382938503,-1.0435371847213235,-0.7447392347531112,0.9888253305155623,-0.8730958850952709,-0.7587235116444486,0.051658168161274894,0
0.5593759598960044,0.9908013027494071,-0.1771983814649765,-0.31035454416696756,-0.35647520226577856,-1.0435371847213235,-0.7743223763248969,-0.058933199374749674,-1.1855739234647527,-0.4160243873615035,-0.5040653853622322,0
-1.5675379600822639,0.4507863978695832,-1.3905694225795153,-0.7298640077204578,0.010194489024626822,0.04320763407313233,0.37942014497474535,-1.2638555087486492,1.6892240295344885,-0.815840032358273,-0.5040653853622322,0
-0.8202438800898991,0.5317886336015569,0.2778157589529757,3.5491325205251427,2.8277615905193225,4.982956810411568,2.036076072994744,0.6063934671055944,-0.5606178467257865,-0.5873739495029757,-0.8745477543779041,0
-0.7627597200904866,-1.6282709859177398,0.6317156459447163,-0.7298640077204578,-0.491564035899086,0.5371825517069759,0.6160852775490309,-0.792364170298003,1.1892591681433156,-0.1875583045062063,0.607381721684782,0
-1.7399904400805015,-0.33223521420616187,-0.8344410287353518,-0.22645265145626947,-0.7810401079704588,0.04320763407313233,1.2669143921283164,-2.5630760858125967,1.439241598838902,1.2403547133394,2.8920229972814533,1
-0.7627597200904866,0.045775219209715334,-0.9355552821615634,-0.3942564368776657,-0.14419274941343854,-0.54956226708748,-0.8926549426120397,-1.007154668925528,0.7517899144260408,-0.4160243873615035,0.9778640907004539,0
0.21447099989952778,1.2608087551893195,-0.278312634891188,-0.14255075874557172,-0.4722656310943278,-0.6483572506142486,-0.12349326174561154,-0.21609697885833717,-1.3105651388125459,-0.6444904702168001,-0.9671683466318217,0
-0.6477914000916613,-0.9262516095739683,0.935058406223351,-0.31035454416696756,-0.279281583046746,0.833567502287282,-0.06432697860204013,-0.719021073205666,0.5643030914043495,1.069005151197927,0.5147611294308644,1
-0.7052755600910742,-0.5482411761580914,0.7328298993709277,2.542309807996766,-0.35647520226577856,1.3275424199211256,2.450240054999744,0.3077822860868188,0.6892943067521428,0.3264903819182117,0.051658168161274894,0
-0.9926963600881374,1.8818258958011171,-1.188340915727092,-0.22645265145626947,-0.43366882148481134,-0.35197230003394253,-0.7743223763248969,-0.18466422296159643,1.376745991165004,-0.5873739495029757,-0.5040653853622322,0
0.5593759598960044,-0.8182486285980034,1.0361726596495624,1.115977631914899,0.8400258956292291,-1.241127151774861,-1.0405706504709682,-0.4937529892792274,-0.49812223905189135,-0.530257428789152,2.5524141590170575,0
0.15698683990011536,-0.8722501190859859,1.895643813772361,3.2974268423930484,-0.16349115421819677,-1.241127151774861,-1.1293200751863253,0.7635572465891237,-0.24813980835630492,-0.4731409080753278,0.5147611294308644,0
0.3869234798977661,0.26178118116164456,-0.12664125475187066,0.2769587048079185,-0.2599831782419878,-0.6483572506142486,1.7106615157051017,0.56448312590994,-0.49812223905189135,-0.530257428789152,-0.689306569870069,0
-0.9352122000887245,0.7747953407974779,-1.0366695355877749,-0.0586488660348736,0.010194489024626822,0.14200261759990104,1.0598324011258164,-0.4780366113308861,0.2518250530348679,-0.7016069909306244,-0.31882420085439706,0
2.628805719874859,-0.9802531000619508,1.0867297863626684,2.7940154861288597,-0.43366882148481134,-1.0435371847213235,-0.3305752527481114,2.455687272362011,-0.6856090620735797,-0.016208742364733426,1.4409670519700435,1
0.9617650798918925,-0.27823372371817945,-0.1771983814649765,0.19305681209722075,0.2610737514864832,-0.25317731650717384,-0.4193246774634685,1.7222563014387575,-0.1856442006824097,-0.5873739495029757,-0.4114447931083146,0
1.0767333998907174,0.045775219209715334,0.48004426580539883,10.848597186355873,2.4224950896194,3.896211991617112,1.4444132415590305,3.655370789086366,-0.810600277421373,0.6120729854873332,-1.3376507156474937,0
0.3294393198983537,-1.1962590620138804,1.4911868000675144,-0.3942564368776657,0.4347593947293071,1.0311574693408194,1.1485818258411735,0.20300643309779925,-0.3106354160302029,-0.7587235116444486,-0.689306569870069,0
2.9162265198719224,-1.4122650239658099,1.7439724336330436,0.10915491938652265,-0.12489434460868222,-0.9447422011945549,-0.7447392347531112,1.827032154427777,-0.9355914927691662,0.04090777834909087,-0.689306569870069,0
-0.7052755600910742,1.0178020479933985,-1.3905694225795153,-0.5620602222990617,0.6663402523864053,-0.9447422011945549,-0.9518212257556111,-0.2318133568066785,0.8767811297738339,-0.4731409080753278,-0.5966859776161497,0
0.7318284398942417,-0.6022426666460738,0.3789300123791871,-0.31035454416696756,-0.10559593980392214,0.14200261759990104,-0.24182582803275432,-0.2580073200539334,-0.49812223905189135,-0.016208742364733426,0.607381721684782,0
-0.30288644009518567,-0.27823372371817945,2.0473151939116785,-0.6459621150097599,6.301474455375796,-0.1543823329804051,-0.4193246774634685,-0.07988836997257685,-1.3730607464864437,2.2684520861882365,-1.245030123393576,0
0.9617650798918925,-0.38623670469414406,0.8339441527971394,0.36086059751861665,-0.45296722628956954,-1.1423321682480923,-1.1293200751863253,0.014409897717529126,0.1268338376870747,-0.24467482522003062,1.6262082364778785,0
2.1114482798801455,-0.1702307427422145,1.592301053493726,-0.8976677931418541,-0.2985799878515042,0.7347725187605133,-0.12349326174561154,0.6744977715484455,-2.4354860769426847,0.09802429906291517,0.051658168161274894,1
0.90428091989248,-0.22423223323019698,1.54174392678062,0.864271953782805,0.10668651304841785,-0.6483572506142486,-0.09391012017382583,1.9318080074167967,-0.1231485930085117,-0.4731409080753278,-1.3376507156474937,0
0.5018917998965909,-0.38623670469414406,-0.22775550817808218,0.10915491938652265,0.048791298634143235,0.24079760112666976,0.9119166932668878,1.3136304747815346,-0.9980871004430641,-0.8729565530720973,-0.9671683466318217,0
1.6515749998848437,0.6937931050655043,-0.1771983814649765,0.025253026675824523,-0.06699913019440573,0.04320763407313233,0.20192129554403115,1.3555408159771307,-1.5605475695081323,0.3264903819182117,0.5147611294308644,0
-0.5903072400922489,-0.11622925225423204,-0.48054114174361123,-0.31035454416696756,-0.35647520226577856,-0.35197230003394253,-0.5376572437506113,0.5068564067660025,1.3142503834911088,0.383606902632036,-0.8745477543779041,0
-0.4753389200934235,1.2878095004333108,-0.37942688831739957,4.723759018474915,0.18388013226745067,1.4263374034478944,1.3556638168436734,1.1564666952980052,-0.6856090620735797,-0.4731409080753278,-1.1524095311396585,0
0.3294393198983537,0.423785652625592,1.0867297863626684,-0.3942564368776657,3.5032057586858594,0.7347725187605133,1.8881603651358159,0.25539435959230905,-1.1855739234647527,2.0399860033329396,-1.0597889388857393,0
-0.015465640098121944,-1.4662665144537923,0.7328298993709277,-0.3942564368776657,-0.16349115421819677,-0.4507672835607113,-0.567240385322397,0.3601702125813286,-0.6231134543996846,0.7834225476288061,-0.9671683466318217,0
-0.2454022800957727,1.9088266410451085,-1.238898042440198,-0.5620602222990617,-0.5880560599228789,-1.1423321682480923,-1.1293200751863253,0.25539435959230905,0.31432066070876313,-1.9010539259209336,-1.245030123393576,0
-0.18791812009636027,0.3697841621376095,-0.278312634891188,-0.31035454416696756,-0.16349115421819677,0.9323624858140508,1.7402446572768875,-0.30515645389901547,-0.06065298533461649,-0.9871895944997459,-0.5040653853622322,0
-0.2454022800957727,-1.8442769478696692,0.7328298993709277,-0.7298640077204578,-0.6073544647276351,0.24079760112666976,-0.4784909606070399,-1.4210192882321786,-0.1231485930085117,0.15514081977673883,0.7000023139386996,0
0.04201851990129049,-1.3042620429898453,0.6317156459447163,-0.6459621150097599,-0.41437041668005314,-0.7471522341410174,-0.7743223763248969,-0.35754438039352526,0.5018074837304544,-0.3589078666476792,0.051658168161274894,0
-0.0729498000975354,-0.11622925225423204,-0.1771983814649765,-0.3942564368776657,-0.18278955902295496,0.04320763407313233,1.1781649674129593,0.4859012361681753,0.18932944536096993,-0.13044178379238203,-0.8745477543779041,0
-1.6825062800810886,-0.6022426666460738,-0.025527001325658983,-0.3942564368776657,0.06808970343890143,0.7347725187605133,0.2610875786876025,-1.049065010121124,2.9391361830124176,-0.13044178379238203,1.7188288287317979,1
0.4444076398971786,0.3697841621376095,-1.3905694225795153,-0.47815832958836385,-0.5880560599228789,-1.0435371847213235,-1.070153792042754,0.5173339920649161,-0.810600277421373,-0.1875583045062063,-0.040962424092642676,0
1.824027479883082,-0.9802531000619508,1.0867297863626684,0.6964681683614088,-0.35647520226577856,-0.54956226708748,-0.27140896960454003,1.8794200809222867,0.06433823001317672,1.4117042754808728,0.5147611294308644,0
-0.3603706000945981,0.26178118116164456,-1.3400122958664096,-0.5620602222990617,-0.009103915780131382,-0.35197230003394253,-0.8334886594684683,-0.5409021231243095,0.06433823001317672,-0.5873739495029757,0.051658168161274894,1
-0.877728040089312,1.2878095004333108,-1.3905694225795153,-0.5620602222990617,-0.43366882148481134,1.8215173375549691,0.17233815397224544,0.46494606557040635,1.939206460230075,0.09802429906291517,-0.5040653853622322,0
-0.5903072400922489,0.26178118116164456,0.12614437881365825,-0.0586488660348736,-0.279281583046746,-0.055587349453636394,0.2610875786876025,0.045842653614269896,0.9392767374477292,-0.4160243873615035,-0.22620360860047947,0
-0.2454022800957727,0.3697841621376095,-1.0872266623008806,-0.7298640077204578,-0.37577360707053675,-0.055587349453636394,0.37942014497474535,-0.1637090523638274,-0.06065298533461649,-1.1585391566412184,-0.9671683466318217,0
-0.877728040089312,1.3148102456773019,-1.3905694225795153,0.44476249022931474,0.2610737514864832,-0.7471522341410174,-0.6855729516095398,-0.11132112586925946,0.8767811297738339,-0.5873739495029757,0.23689935266911005,0
-0.18791812009636027,0.9908013027494071,-0.278312634891188,-0.14255075874557172,-0.2599831782419878,-0.25317731650717384,1.0302492595540307,0.08775299480986609,-0.43562663137799335,-0.7016069909306244,-0.8745477543779041,0
-1.5675379600822639,0.045775219209715334,-1.188340915727092,-0.6459621150097599,-0.7617417031657006,-1.0435371847213235,-0.9814043673273968,-1.316243435243159,2.564162536969041,-0.4731409080753278,0.8852434984465364,0
-0.4753389200934235,0.8287968312854604,-1.0366695355877749,0.025253026675824523,-0.5880560599228789,-1.0435371847213235,-1.0997369336145395,-0.2056193935594236,0.43931187605655636,-0.6444904702168001,0.42214053717694683,0
-0.7627597200904866,0.5857901240895393,-1.2894551691533038,-0.31035454416696756,-0.41437041668005314,-0.6483572506142486,-0.6855729516095398,0.15061850660328946,1.0017723451216272,0.04090777834909087,-0.9671683466318217,0
-0.5328230800928359,1.1258050289693633,-1.0366695355877749,-0.6459621150097599,-0.04770072538964779,-0.055587349453636394,0.054005587685102656,-0.886662437988109,-1.1855739234647527,-1.0443061152135702,-0.4114447931083146,0
-0.5903072400922489,-0.27823372371817945,0.22725863223986992,-0.31035454416696756,-0.5108624407038441,1.5251323869746631,0.23150443711581684,0.2973047007879634,-0.06065298533461649,-0.07332526307855772,-0.4114447931083146,1
-0.015465640098121944,0.7747953407974779,-0.07608412803876483,-0.31035454416696756,-0.08629753499916394,-0.4507672835607113,-0.09391012017382583,0.46494606557040635,0.0018426223392815047,-0.7587235116444486,-1.1524095311396585,0
1.5940908398854314,-1.8982784383576516,1.0361726596495624,-0.8137659004311559,-0.39507201187529495,-0.8459472176677861,-0.9222380841838254,0.3077822860868188,-0.5606178467257865,-0.13044178379238203,-0.31882420085439706,0
-1.4525696400834385,0.8017960860414691,-1.2894551691533038,-0.5620602222990617,-0.028402320584889586,0.5371825517069759,1.4148300999872447,-1.2114675822541394,1.439241598838902,-0.815840032358273,-0.4114447931083146,0
-0.7627597200904866,1.4768147171412493,-1.3905694225795153,0.025253026675824523,-0.39507201187529495,-0.8459472176677861,-0.7743223763248969,0.09823058010877968,1.0642679527955223,-0.5873739495029757,-0.7819271621239865,0
-0.4753389200934235,-1.4122650239658099,0.3283728856660816,-0.14255075874557172,-0.7424432983609424,-1.1423321682480923,-1.1293200751863253,-0.8447520967925127,0.5643030914043495,-0.13044178379238203,0.5147611294308644,1
2.3988690798772083,-0.8722501190859859,1.3900725466413033,0.10915491938652265,-0.10559593980392214,0.9323624858140508,0.6456684191208166,1.4603166689662086,-0.9980871004430641,0.897655589056454,-0.040962424092642676,0
-0.015465640098121944,0.6397916145775218,-0.8849981554484575,0.36086059751861665,0.010194489024626822,0.14200261759990104,-0.18265954488918293,0.6902141494967867,-0.1231485930085117,-0.6444904702168001,-0.8745477543779041,0
1.5940908398854314,-0.4402381951821265,2.3001008274772072,0.612566275650711,-0.43366882148481134,-0.9447422011945549,-0.7151560931813254,0.9888253305155623,-0.8730958850952709,-0.016208742364733426,0.7000023139386996,0
2.973710679871335,-0.008226271278267125,2.603443587755842,1.9549965590218794,0.6084450379721307,0.7347725187605133,0.9119166932668878,2.66523897834005,-0.810600277421373,0.6120729854873332,2.3671729745092223,0
-0.5328230800928359,0.3697841621376095,-0.07608412803876483,-0.31035454416696756,-0.10559593980392214,0.14200261759990104,1.3260806752718877,-0.289440075950616,-0.1231485930085117,-0.5873739495029757,-0.5966859776161497,0
-0.7627597200904866,0.666792359821513,-0.5816553951698228,-0.31035454416696756,-0.279281583046746,-0.7471522341410174,-0.6264066684659684,-0.3418280024451839,0.37681626838266113,-0.6444904702168001,-0.689306569870069,0
-0.417854760094011,-0.764247138110021,0.17670150552676409,-0.14255075874557172,-0.12489434460868222,0.7347725187605133,0.7344178438361737,0.7792736245374651,1.3142503834911088,-0.07332526307855772,-0.689306569870069,0
1.8815116398824945,-0.6022426666460738,1.2889582932150916,0.6964681683614088,0.31896896590075785,1.7227223540282004,1.5331626662743876,2.246135566383855,-0.6856090620735797,1.6401703583361693,-1.1524095311396585,0
-0.8202438800898991,0.045775219209715334,0.12614437881365825,-0.22645265145626947,-0.009103915780131382,-0.6483572506142486,1.7402446572768875,0.2815883228395639,-0.3731310237040981,2.9538503347541267,0.051658168161274894,0
-0.7052755600910742,-1.4122650239658099,1.6428581802068318,-0.31035454416696756,-0.279281583046746,0.14200261759990104,-0.6264066684659684,0.7478408686407825,0.43931187605655636,0.3264903819182117,0.14427876041519247,0
-0.877728040089312,-0.33223521420616187,-0.986112408874669,-0.22645265145626947,-0.4722656310943278,0.24079760112666976,-0.24182582803275432,-0.6194840128660741,-0.06065298533461649,-0.07332526307855772,-0.7819271621239865,0
-0.13043396009694783,1.3418109909212932,-0.22775550817808218,0.10915491938652265,-0.5687576551181188,-1.0435371847213235,-0.9222380841838254,0.15061850660328946,0.37681626838266113,-0.5873739495029757,0.7926229061926188,0
0.04201851990129049,0.4777871431135744,-0.9355552821615634,-0.22645265145626947,-0.08629753499916394,-0.4507672835607113,1.8289940819922446,-0.1637090523638274,-0.9980871004430641,-0.016208742364733426,-0.5966859776161497,0
-0.7052755600910742,0.7477945955534867,-1.3905694225795153,-0.14255075874557172,-0.10559593980392214,0.24079760112666976,-0.567240385322397,0.5068564067660025,0.814285522099936,-0.7016069909306244,-0.9671683466318217,0
-0.417854760094011,1.3418109909212932,-1.3905694225795153,-0.6459621150097599,-0.24068477343722958,1.7227223540282004,-0.03474383703025444,-0.3103952465484432,0.0018426223392815047,-0.24467482522003062,0.23689935266911005,0
0.04201851990129049,-1.034254590549933,0.7328298993709277,-0.31035454416696756,-0.3178783926562624,0.7347725187605133,-0.30099211117632574,-1.4629296294277747,-1.2480695311386505,0.6691895062011575,1.8114494209857153,0
0.3294393198983537,0.31578267164962703,0.5811585192316104,-0.14255075874557172,0.12598491785317606,-1.0435371847213235,-0.7151560931813254,0.9888253305155623,0.37681626838266113,-0.4731409080753278,-0.13358301634656025,0
2.3988690798772083,-0.8182486285980034,1.6428581802068318,0.10915491938652265,-0.14419274941343854,1.5251323869746631,0.7640009854079594,1.5127045954607183,-1.3105651388125459,0.383606902632036,0.051658168161274894,0
2.053964119880733,-0.8182486285980034,1.0867297863626684,0.19305681209722075,0.18388013226745067,-0.35197230003394253,-0.12349326174561154,1.9318080074167967,-0.9355914927691662,-0.3017913459338549,-0.13358301634656025,0
0.9617650798918925,0.31578267164962703,0.17670150552676409,-0.22645265145626947,0.02949289382938503,1.0311574693408194,0.4681695696901024,1.4079287424716407,-0.810600277421373,-0.1875583045062063,-0.22620360860047947,0
-0.2454022800957727,-0.9802531000619508,0.935058406223351,0.9481738464935031,-0.20208796382771316,-0.055587349453636394,-0.27140896960454003,0.3077822860868188,0.2518250530348679,1.1261216719117513,2.1819317900013875,1
-0.0729498000975354,2.529843781656906,-0.9355552821615634,-0.14255075874557172,-0.45296722628956954,-0.8459472176677861,-0.27140896960454003,0.07203661686152478,0.06433823001317672,-0.6444904702168001,-1.3376507156474937,0
0.6743442798948293,-0.38623670469414406,-0.1771983814649765,0.19305681209722075,0.06808970343890143,-0.1543823329804051,-0.06432697860204013,0.6744977715484455,-1.1855739234647527,0.44072342334586034,-0.4114447931083146,0
-0.0729498000975354,-1.1422575715258978,0.7328298993709277,-0.14255075874557172,0.18388013226745067,-1.241127151774861,-1.0997369336145395,-0.86570726739034,-0.24813980835630492,-0.6444904702168001,1.7188288287317979,0
-0.877728040089312,0.8017960860414691,-0.3288697616042939,-0.31035454416696756,-0.35647520226577856,-0.6483572506142486,-0.6855729516095398,-0.6561555614122426,0.43931187605655636,-0.3589078666476792,-0.13358301634656025,0
0.3294393198983537,0.34278341689361824,0.6822727726578218,4.55595523305352,-0.04770072538964779,1.4263374034478944,1.8585772235640303,1.6174804484497378,-0.24813980835630492,-0.530257428789152,-1.0597889388857393,0
-0.877728040089312,0.15377820018568025,-1.238898042440198,-0.6459621150097599,-0.08629753499916394,0.24079760112666976,-0.3305752527481114,0.045842653614269896,0.814285522099936,-0.1875583045062063,-0.4114447931083146,0
-0.18791812009636027,1.2878095004333108,0.22725863223986992,-0.31035454416696756,-0.18278955902295496,0.04320763407313233,0.8231672685515308,-0.07988836997257685,-0.24813980835630492,-0.9300730737859215,-0.5966859776161497,0
-0.9926963600881374,1.746822169581161,-1.2894551691533038,-0.0586488660348736,-0.5108624407038441,-0.055587349453636394,-0.6855729516095398,-0.2318133568066785,1.439241598838902,-0.3589078666476792,0.5147611294308644,0
0.7893125998936542,0.855797576529451,0.22725863223986992,0.025253026675824523,-0.009103915780131382,0.6359775352337447,1.3260806752718877,0.6221098450539356,-0.1231485930085117,-0.24467482522003062,-0.31882420085439706,0
-0.3603706000945981,-0.764247138110021,-0.7838839020222459,-0.6459621150097599,0.1645817274626906,0.3395925846534385,-0.567240385322397,-0.3942159289396937,-0.9355914927691662,-0.9871895944997459,-0.9671683466318217,0
-0.18791812009636027,0.9367998122614247,-1.1377837890139866,-0.47815832958836385,-0.279281583046746,-0.7471522341410174,-0.8039055178966826,-0.26848490535284697,0.18932944536096993,1.6401703583361693,0.051658168161274894,0
-1.0501805200875498,1.989828876777082,-1.3905694225795153,-0.7298640077204578,-0.7038464887514261,-0.6483572506142486,-0.8630718010402539,-1.0700201807188932,1.1892591681433156,-0.1875583045062063,0.42214053717694683,0
0.8467967598930677,2.421840800680941,0.22725863223986992,-0.14255075874557172,-0.20208796382771316,1.9203123210817379,3.130652311150815,0.6744977715484455,-0.3731310237040981,-1.0443061152135702,-0.9671683466318217,0
0.5018917998965909,-0.6562441571340564,1.1372869130757741,0.025253026675824523,-0.6459512743371515,-0.35197230003394253,-0.6264066684659684,-0.792364170298003,0.18932944536096993,0.7263060269149818,2.645034751270977,1
0.3294393198983537,1.1798065194573457,-0.6827696485960343,0.025253026675824523,-0.04770072538964779,-0.6483572506142486,-0.4784909606070399,0.8002287951352922,0.18932944536096993,-0.13044178379238203,0.051658168161274894,0
0.7893125998936542,0.0997767096976978,-0.5310982684567169,0.36086059751861665,-0.028402320584889586,0.4383875681802072,0.20192129554403115,1.9318080074167967,-1.0605827081169594,-0.3017913459338549,-0.9671683466318217,0
-1.854958760079327,-0.11622925225423204,-0.48054114174361123,-0.31035454416696756,-0.8968305367990078,0.04320763407313233,1.6219120909897446,-2.2592261121444515,0.9392767374477292,1.1832381926255755,2.274552382255305,1
0.6168601198954169,-1.5742694954297574,0.2778157589529757,-0.14255075874557172,-0.5301608455086024,3.599827041036806,0.7935841269797451,0.6011546744561085,1.0017723451216272,1.3545877547670484,-0.22620360860047947,0
-0.6477914000916613,0.3967849073816007,-1.2894551691533038,-0.47815832958836385,0.14528332265793426,-0.54956226708748,-0.44890781903525423,-0.8971400232870226,0.9392767374477292,-0.7587235116444486,1.2557258674622083,0
2.6862898798742716,-1.1422575715258978,1.895643813772361,0.10915491938652265,0.08738810824365964,-0.055587349453636394,0.024422446113316957,1.5127045954607183,-1.6230431771820302,-0.3017913459338549,0.14427876041519247,0
0.04201851990129049,0.31578267164962703,0.07558725210055241,0.10915491938652265,0.39616258511979063,1.5251323869746631,2.154408639281887,0.6797365641978732,-0.9980871004430641,-0.9300730737859215,-1.245030123393576,0
-0.6477914000916613,0.6397916145775218,-1.2894551691533038,-0.14255075874557172,0.10668651304841785,-1.0435371847213235,-0.44890781903525423,1.3555408159771307,2.2516844985995563,0.7834225476288061,-0.689306569870069,0
-0.015465640098121944,1.71982142433717,-0.6827696485960343,0.025253026675824523,0.08738810824365964,-0.25317731650717384,0.23150443711581684,0.2763495301901362,0.31432066070876313,-0.7016069909306244,-0.31882420085439706,0
-0.5903072400922489,-1.034254590549933,0.2778157589529757,0.025253026675824523,-0.4722656310943278,0.5371825517069759,-0.27140896960454003,-0.792364170298003,0.2518250530348679,0.6120729854873332,1.533587644223961,1
-0.5328230800928359,-0.6562441571340564,-0.1771983814649765,-0.5620602222990617,-0.43366882148481134,0.24079760112666976,0.024422446113316957,-0.5828124643199056,0.37681626838266113,-0.24467482522003062,-0.040962424092642676,0
-0.3603706000945981,2.5568445269008966,-0.6322125218829285,-0.31035454416696756,0.2610737514864832,-0.4507672835607113,-0.4193246774634685,-0.35230558774403936,-0.49812223905189135,-1.0443061152135702,-0.4114447931083146,0
-0.18791812009636027,0.4777871431135744,0.2778157589529757,0.19305681209722075,-0.009103915780131382,0.04320763407313233,-0.27140896960454003,0.25539435959230905,0.0018426223392815047,-0.4731409080753278,0.23689935266911005,0
1.6515749998848437,-0.1702307427422145,2.350657954190313,2.248653183509323,0.22247694187696707,-1.0435371847213235,-0.8630718010402539,1.5127045954607183,-0.5606178467257865,-0.24467482522003062,0.7000023139386996,0
4.123393879859588,0.6127908693335306,1.0867297863626684,1.4515852027576914,0.12598491785317606,-0.54956226708748,-0.6855729516095398,3.3724759860159903,-2.4354860769426847,0.44072342334586034,0.607381721684782,0
0.5018917998965909,-0.5482411761580914,1.2384011665019858,-0.14255075874557172,-0.10559593980392214,-0.1543823329804051,-0.6855729516095398,0.46494606557040635,0.2518250530348679,-0.3017913459338549,0.7926229061926188,0
-0.7627597200904866,0.4777871431135744,-0.8849981554484575,-0.8976677931418541,-0.3371767974610206,1.1299524528675882,0.49775271126188814,-0.37326075834186656,-0.1856442006824097,-0.3017913459338549,-1.1524095311396585,0
-0.7052755600910742,-0.062227761766249584,-1.238898042440198,0.10915491938652265,-0.24068477343722958,0.5371825517069759,1.3556638168436734,0.3863641758285835,1.1892591681433156,-0.3589078666476792,-0.5966859776161497,0
-0.9352122000887245,0.9097990670174335,-0.986112408874669,1.0740266855595502,-0.41437041668005314,-0.7471522341410174,-0.8926549426120397,-1.766779603095978,0.7517899144260408,-0.815840032358273,1.9966906054935505,0
-0.417854760094011,1.3958124814092756,-0.3288697616042939,-0.14255075874557172,-0.028402320584889586,0.5371825517069759,0.6456684191208166,-0.6352003908144155,-1.1855739234647527,-1.272772198068867,-1.1524095311396585,0
0.5018917998965909,-0.9262516095739683,0.3283728856660816,-0.7298640077204578,-0.5108624407038441,-1.0435371847213235,-1.0109875088991824,-0.022261650828639356,-0.6856090620735797,0.04090777834909087,0.051658168161274894,0
-0.7052755600910742,-1.034254590549933,0.025030125387446853,-0.3942564368776657,-0.12489434460868222,1.5251323869746631,0.6456684191208166,0.11918575070660685,0.8767811297738339,-1.0443061152135702,-0.9671683466318217,0
-0.5328230800928359,0.0997767096976978,-0.4299840150305054,-0.5620602222990617,-0.12489434460868222,-0.055587349453636394,-0.3601583943198971,-0.08512716262200457,1.1267635604694204,0.09802429906291517,0.051658168161274894,0
-0.0729498000975354,-1.3582635334778275,1.6428581802068318,0.44476249022931474,0.29967056109599965,-0.54956226708748,-0.7151560931813254,0.8211839657330612,0.5018074837304544,0.09802429906291517,0.14427876041519247,0
-0.877728040089312,0.20777969067366212,-1.3905694225795153,0.025253026675824523,-0.3178783926562624,1.6239273705014319,0.5273358528336738,-0.9442891571321046,0.7517899144260408,-0.5873739495029757,0.7000023139386996,0
-0.18791812009636027,0.4777871431135744,0.3789300123791871,0.2769587048079185,-0.04770072538964779,1.228747436394357,0.17233815397224544,0.15061850660328946,0.0018426223392815047,-0.24467482522003062,0.3295199449230293,0
0.7318284398942417,-0.6562441571340564,0.48004426580539883,-0.14255075874557172,0.048791298634143235,-0.54956226708748,-0.6855729516095398,0.6011546744561085,-0.43562663137799335,-0.5873739495029757,0.051658168161274894,0
2.3988690798772083,-1.3582635334778275,1.3395154199281973,-0.14255075874557172,-0.12489434460868222,-0.35197230003394253,-0.5080741021788256,1.565092521955228,-1.2480695311386505,3.981947707602964,-0.5966859776161497,1
-0.417854760094011,-0.6562441571340564,-0.6827696485960343,0.44476249022931474,-0.028402320584889586,0.5371825517069759,-0.09391012017382583,-0.1637090523638274,0.06433823001317672,-0.530257428789152,0.051658168161274894,0
-0.5328230800928359,0.5857901240895393,-1.0366695355877749,-0.5620602222990617,0.22247694187696707,-0.7471522341410174,-0.6855729516095398,-0.32087283184735677,-0.06065298533461649,-0.4731409080753278,-0.7819271621239865,0
-0.9352122000887245,-0.27823372371817945,-0.986112408874669,-0.31035454416696756,-0.4722656310943278,0.24079760112666976,-0.3601583943198971,-0.62472280551556,0.1268338376870747,-0.13044178379238203,-0.689306569870069,0
-0.7052755600910742,0.855797576529451,-1.188340915727092,-0.31035454416696756,-0.39507201187529495,0.3395925846534385,-0.567240385322397,0.21348401839671283,0.814285522099936,0.04090777834909087,-0.5966859776161497,0
0.21447099989952778,-0.6022426666460738,0.8845012795102452,-0.0586488660348736,-0.3178783926562624,1.6239273705014319,0.37942014497474535,-0.28420128330118827,0.1268338376870747,0.6120729854873332,1.4409670519700435,0
0.21447099989952778,-0.38623670469414406,0.17670150552676409,0.025253026675824523,0.7242354668006799,0.833567502287282,0.5273358528336738,0.39160296847806936,-1.3105651388125459,0.44072342334586034,-0.7819271621239865,0
-0.5903072400922489,2.421840800680941,-1.1377837890139866,-0.31035454416696756,-0.5301608455086024,0.4383875681802072,0.08358872925688836,0.17681246985054436,0.0018426223392815047,-0.6444904702168001,-0.689306569870069,0
-0.9352122000887245,0.26178118116164456,-0.986112408874669,-0.5620602222990617,0.1645817274626906,-0.055587349453636394,0.5569189944054596,-0.4256486848363763,-0.1856442006824097,-0.7016069909306244,-1.1524095311396585,0
-0.015465640098121944,0.666792359821513,-0.7838839020222459,-0.14255075874557172,-0.10559593980392214,-0.055587349453636394,1.9769097898511727,-0.058933199374749674,-0.8730958850952709,-0.016208742364733426,-0.5966859776161497,0
-0.7627597200904866,1.0988042837253722,-1.1377837890139866,-0.3942564368776657,-0.14419274941343854,-0.25317731650717384,0.23150443711581684,-0.058933199374749674,0.5018074837304544,-0.530257428789152,-0.5966859776161497,0
-0.417854760094011,0.8017960860414691,-1.2894551691533038,-0.981569685852552,-0.3178783926562624,-0.6483572506142486,-0.7743223763248969,-0.11132112586925946,-0.8730958850952709,2.3826851276158854,-1.1524095311396585,0
-0.8202438800898991,-0.764247138110021,-0.1771983814649765,-0.31035454416696756,0.2610737514864832,-1.1423321682480923,-1.158903216758111,-1.0962141439662063,0.814285522099936,-0.4731409080753278,0.8852434984465364,0
0.6743442798948293,-0.8722501190859859,1.2384011665019858,-0.3942564368776657,-0.12489434460868222,-0.9447422011945549,-0.5968235268941827,0.6744977715484455,-0.810600277421373,-0.8729565530720973,-0.8745477543779041,0
-0.3603706000945981,0.423785652625592,-0.48054114174361123,-0.0586488660348736,-0.10559593980392214,-0.9447422011945549,-0.7743223763248969,-0.21609697885833717,-0.1231485930085117,-0.3589078666476792,-0.22620360860047947,0
-1.337601320084613,0.5857901240895393,-1.1377837890139866,-0.47815832958836385,-0.43366882148481134,-0.6483572506142486,-0.8630718010402539,-0.9180951938848497,1.3142503834911088,0.6691895062011575,0.14427876041519247,0
0.04201851990129049,-1.1962590620138804,0.07558725210055241,0.5286643829400128,2.0365269935242347,-0.1543823329804051,-0.5968235268941827,-0.7085434879067524,-0.5606178467257865,0.6691895062011575,1.4409670519700435,0
-0.877728040089312,0.6937931050655043,-1.0366695355877749,-0.7298640077204578,-0.35647520226577856,0.04320763407313233,0.4385864281183167,-0.5199469525264823,-0.1231485930085117,-0.3589078666476792,-1.0597889388857393,0
-0.417854760094011,-1.3042620429898453,1.0867297863626684,0.19305681209722075,0.06808970343890143,0.9323624858140508,0.409003286546531,0.20300643309779925,0.0018426223392815047,-0.3017913459338549,-0.31882420085439706,0
-0.5903072400922489,2.9078542150727835,-0.9355552821615634,-0.6459621150097599,1.7277525166481054,-0.54956226708748,1.2669143921283164,-0.26848490535284697,-0.06065298533461649,-0.530257428789152,-1.3376507156474937,0
-1.0501805200875498,1.8818258958011171,-1.238898042440198,2.6262117007074637,-0.18278955902295496,0.7347725187605133,0.024422446113316957,-0.5199469525264823,1.6892240295344885,-0.9300730737859215,0.7000023139386996,0
-0.877728040089312,-0.27823372371817945,-0.12664125475187066,-0.3942564368776657,-0.24068477343722958,1.3275424199211256,0.4385864281183167,-0.7399762438034931,0.18932944536096993,-0.3589078666476792,-0.040962424092642676,0
-0.9926963600881374,1.0988042837253722,-1.2894551691533038,4.55595523305352,0.6470418475816471,5.180546777465105,2.3023243471408157,1.4079287424716407,1.0017723451216272,-0.7587235116444486,-0.5040653853622322,0
-0.30288644009518567,0.0997767096976978,0.3789300123791871,-0.22645265145626947,-0.279281583046746,0.5371825517069759,0.5865021359772452,0.3601702125813286,-0.3731310237040981,-0.5873739495029757,-1.1524095311396585,0
-0.5903072400922489,-1.0882560810379154,0.9856155329364565,-0.31035454416696756,-0.22138636863247138,-1.0435371847213235,-1.0405706504709682,-0.4780366113308861,0.1268338376870747,-0.7587235116444486,-0.13358301634656025,0
0.3869234798977661,0.855797576529451,-1.3905694225795153,-0.0586488660348736,-0.009103915780131382,0.3395925846534385,-0.24182582803275432,1.1983770364936015,0.2518250530348679,-0.3589078666476792,-1.0597889388857393,0
0.15698683990011536,-0.4402381951821265,0.17670150552676409,0.10915491938652265,-0.04770072538964779,0.5371825517069759,0.11317187082867405,0.7792736245374651,0.37681626838266113,1.4117042754808728,-0.5040653853622322,0
0.5593759598960044,-0.22423223323019698,0.42948713909229297,-0.6459621150097599,-0.14419274941343854,-1.241127151774861,-0.9518212257556111,0.16109609190220306,-0.24813980835630492,0.6691895062011575,0.42214053717694683,0
-0.2454022800957727,-1.8982784383576516,0.6317156459447163,-0.5620602222990617,-0.5108624407038441,-0.8459472176677861,-0.7743223763248969,-1.3686313617376689,-0.1856442006824097,0.21225734049056313,0.607381721684782,0
-0.9352122000887245,1.7738229148251523,-1.0366695355877749,-0.3942564368776657,0.22247694187696707,0.4383875681802072,0.32025386183117394,-0.38373834364078013,1.8142152448822817,0.44072342334586034,1.163105275208289,0
1.0767333998907174,-1.5742694954297574,1.0867297863626684,-0.0586488660348736,-0.2599831782419878,-0.54956226708748,-0.5376572437506113,0.5697219185594259,-1.0605827081169594,-0.3017913459338549,-0.040962424092642676,0
0.21447099989952778,1.6658199338491873,-1.3905694225795153,-0.8976677931418541,-0.45296722628956954,0.833567502287282,-0.3897415358916828,-0.6875883173089834,-0.24813980835630492,-0.6444904702168001,-0.689306569870069,0
-0.5328230800928359,1.3688117361652843,-0.4299840150305054,2.290604129864672,0.10668651304841785,0.3395925846534385,1.5331626662743876,0.21872281104614055,-0.9355914927691662,-0.815840032358273,-0.7819271621239865,0
0.5593759598960044,-0.7102456476220385,1.0867297863626684,0.025253026675824523,-0.06699913019440573,2.216697271662044,2.834820895432958,0.5697219185594259,-0.5606178467257865,-0.6444904702168001,-0.9671683466318217,0
1.6515749998848437,-1.3582635334778275,1.440629673354409,-0.47815832958836385,-0.2599831782419878,0.14200261759990104,0.409003286546531,0.6744977715484455,-0.9355914927691662,-0.4731409080753278,-0.5966859776161497,0
-0.5328230800928359,0.26178118116164456,-1.3905694225795153,-0.3942564368776657,-0.4722656310943278,-0.8459472176677861,-1.0405706504709682,-0.5723348790210503,0.8767811297738339,-0.4731409080753278,0.7926229061926188,0
1.7665433198836697,-1.4662665144537923,0.8339441527971394,0.9481738464935031,-0.3371767974610206,-0.9447422011945549,-0.8039055178966826,0.9888253305155623,-1.1855739234647527,0.897655589056454,-1.0597889388857393,0
-0.0729498000975354,-0.8182486285980034,0.22725863223986992,0.025253026675824523,-0.16349115421819677,0.833567502287282,0.7344178438361737,-0.2475297347550198,-0.24813980835630492,1.069005151197927,0.5147611294308644,0
3.8359730798625242,-1.7362739668937046,0.8339441527971394,-0.22645265145626947,-0.2599831782419878,-0.54956226708748,-0.6559898100377541,1.7484502646860705,-1.498051961834237,1.0118886304841026,-1.1524095311396585,1
0.15698683990011536,-0.062227761766249584,0.5306013925185047,-0.8137659004311559,0.14528332265793426,-1.0435371847213235,-0.8334886594684683,-0.027500443478067068,-0.6856090620735797,-0.815840032358273,-0.9671683466318217,0
-0.0729498000975354,-1.7902754573816868,0.7833870260840335,0.025253026675824523,-0.24068477343722958,1.5251323869746631,0.14275501240045976,0.003932312418673699,1.376745991165004,0.8405390683426304,-0.040962424092642676,0
-0.7052755600910742,-0.764247138110021,-0.7838839020222459,-0.31035454416696756,-0.45296722628956954,-0.1543823329804051,-0.6559898100377541,-2.196360600351028,-0.06065298533461649,-0.7587235116444486,2.645034751270977,0
0.04201851990129049,0.6397916145775218,1.6428581802068318,-0.31035454416696756,0.4540577995340634,-0.35197230003394253,1.296497533700102,0.3077822860868188,-0.6856090620735797,-0.815840032358273,-1.1524095311396585,0
-1.1651488400863752,2.637846762632871,-1.3905694225795153,-0.3942564368776657,-0.10559593980392214,0.14200261759990104,-0.6559898100377541,-1.2271839602024808,1.7517196372083836,-0.6444904702168001,0.7000023139386996,0
0.21447099989952778,0.9097990670174335,-0.1771983814649765,0.025253026675824523,2.6540759472764983,-1.0435371847213235,-0.9222380841838254,1.2507649629881112,0.06433823001317672,-0.3589078666476792,-1.3376507156474937,0
-1.1651488400863752,2.421840800680941,-1.3400122958664096,-0.3942564368776657,-0.6073544647276351,-0.055587349453636394,-0.3897415358916828,-0.960005535080446,1.8142152448822817,-1.1585391566412184,0.7000023139386996,0
-0.7627597200904866,0.26178118116164456,-0.7838839020222459,-0.47815832958836385,0.048791298634143235,1.8215173375549691,2.3023243471408157,-0.5828124643199056,0.814285522099936,-1.0443061152135702,0.051658168161274894,0
0.15698683990011536,-0.33223521420616187,0.12614437881365825,0.44476249022931474,-0.24068477343722958,1.4263374034478944,2.627738904430458,0.46494606557040635,-0.06065298533461649,-0.7587235116444486,-0.9671683466318217,0
0.4444076398971786,-0.7102456476220385,1.1372869130757741,-0.5620602222990617,-0.3371767974610206,-0.8459472176677861,-0.8926549426120397,-1.0962141439662063,-0.6231134543996846,0.15514081977673883,1.9040700132396329,1
-0.417854760094011,-0.1702307427422145,0.07558725210055241,-0.14255075874557172,-0.04770072538964779,-1.0435371847213235,-0.9518212257556111,-0.886662437988109,0.06433823001317672,-0.24467482522003062,0.9778640907004539,0
3.4335839598666364,-1.1962590620138804,2.350657954190313,-0.5620602222990617,-0.2599831782419878,-0.9447422011945549,-0.9222380841838254,2.1413597133948357,-2.810459722986064,0.7263060269149818,-1.8933742691710007,0
0.6168601198954169,0.4507863978695832,0.025030125387446853,0.612566275650711,-0.028402320584889586,0.24079760112666976,0.7640009854079594,1.7746442279332673,0.0018426223392815047,-0.7587235116444486,-0.689306569870069,0
-1.3950854800840256,0.0997767096976978,-0.8849981554484575,-0.22645265145626947,-0.5108624407038441,2.3154922551888126,0.14275501240045976,-0.8342745114935992,1.3142503834911088,0.5549564647735089,0.7000023139386996,0
0.6743442798948293,1.9088266410451085,-0.025527001325658983,-0.14255075874557172,-0.08629753499916394,1.5251323869746631,2.923570320148315,0.5697219185594259,-0.43562663137799335,-0.7587235116444486,-0.9671683466318217,0
-0.6477914000916613,0.7477945955534867,-1.3905694225795153,-0.22645265145626947,-0.39507201187529495,-0.54956226708748,-0.6559898100377541,-0.5828124643199056,0.6892943067521428,0.3264903819182117,0.607381721684782,0
0.27195515989894126,-1.5742694954297574,0.3789300123791871,-0.6459621150097599,-0.6459512743371515,-0.25317731650717384,-0.567240385322397,-1.452452044128861,-1.0605827081169594,-0.4160243873615035,0.7926229061926188,1
-0.18791812009636027,-1.5202680049417747,0.7833870260840335,-0.6459621150097599,-0.41437041668005314,0.6359775352337447,0.11317187082867405,-1.1066917292650618,0.43931187605655636,-0.3589078666476792,1.3483464597161259,0
0.27195515989894126,-0.062227761766249584,0.3283728856660816,0.19305681209722075,-0.028402320584889586,0.833567502287282,2.243158063997244,0.7792736245374651,-0.3106354160302029,-0.3017913459338549,-0.8745477543779041,0
-0.877728040089312,0.423785652625592,-1.188340915727092,-0.8137659004311559,-0.6073544647276351,-1.0435371847213235,-1.070153792042754,-0.7661702070507481,0.6892943067521428,-0.3589078666476792,-0.8745477543779041,0
-0.4753389200934235,-0.6022426666460738,0.17670150552676409,-0.7298640077204578,-0.16349115421819677,-0.055587349453636394,-0.12349326174561154,0.5697219185594259,0.0018426223392815047,-0.13044178379238203,-1.3376507156474937,0
-0.6477914000916613,-0.6562441571340564,0.12614437881365825,-0.31035454416696756,-0.10559593980392214,1.9203123210817379,0.7640009854079594,0.15061850660328946,0.814285522099936,-0.815840032358273,-0.9671683466318217,0
0.3294393198983537,-0.7102456476220385,1.1878440397888799,0.10915491938652265,-0.7038464887514261,-0.25317731650717384,-0.567240385322397,-0.8971400232870226,0.06433823001317672,1.3545877547670484,2.7376553435248945,1
0.09950267990070293,-0.8722501190859859,0.22725863223986992,-0.5620602222990617,-0.43366882148481134,1.0311574693408194,0.14275501240045976,-1.1276468998628888,0.43931187605655636,0.3264903819182117,1.2557258674622083,0
0.8467967598930677,-0.1702307427422145,1.0867297863626684,0.10915491938652265,3.1172376625906955,-1.0435371847213235,-0.7743223763248969,1.1983770364936015,0.0018426223392815047,0.7263060269149818,0.23689935266911005,0
-1.2801171600852006,0.9908013027494071,-0.8849981554484575,0.10915491938652265,-0.6845480839466679,-0.25317731650717384,-0.567240385322397,-1.6200934089113623,1.6267284218605904,-0.9300730737859215,1.3483464597161259,0
0.15698683990011536,-0.22423223323019698,0.025030125387446853,-0.47815832958836385,0.41546098992454883,0.4383875681802072,2.657322046002244,0.25539435959230905,-2.3729904692687867,7.351822429718594,-0.5040653853622322,0
-0.6477914000916613,-1.034254590549933,0.22725863223986992,0.025253026675824523,0.02949289382938503,2.7106721892958876,1.9769097898511727,-0.058933199374749674,0.06433823001317672,0.7263060269149818,0.607381721684782,0
-0.8202438800898991,1.6658199338491873,-0.3288697616042939,1.367683310046993,-0.279281583046746,0.04320763407313233,0.5569189944054596,0.8945270628253982,1.376745991165004,0.3264903819182117,-1.1215360003883543,0
1.3066700398883682,2.637846762632871,0.7833870260840335,0.36086059751861665,-0.24068477343722958,1.0311574693408194,1.2373312505565306,0.8840494775264846,-1.435556354160339,-0.530257428789152,-0.31882420085439706,0
-0.417854760094011,0.6127908693335306,-1.238898042440198,-0.47815832958836385,-0.04770072538964779,-0.1543823329804051,0.32025386183117394,0.09823058010877968,0.37681626838266113,-1.1585391566412184,-0.13358301634656025,0
-1.2226330000857877,-0.5482411761580914,-0.278312634891188,-0.5620602222990617,-0.20208796382771316,0.5371825517069759,0.2906707202593882,-0.20038060090993773,1.3142503834911088,-0.3589078666476792,-0.8745477543779041,0
0.7893125998936542,-1.277261297745854,0.6317156459447163,-0.8137659004311559,-0.2985799878515042,-0.1543823329804051,-0.7447392347531112,-0.6037676349177329,-1.0605827081169594,-0.8729565530720973,0.42214053717694683,0
-0.4753389200934235,0.5317886336015569,-0.025527001325658983,-0.3942564368776657,-0.10559593980392214,0.14200261759990104,1.3260806752718877,-0.289440075950616,-0.3106354160302029,-0.4731409080753278,-0.5966859776161497,0
-1.337601320084613,-0.22423223323019698,-1.3905694225795153,-0.14255075874557172,-0.39507201187529495,-0.055587349453636394,-0.3897415358916828,-1.9868088943729307,1.6892240295344885,-0.4160243873615035,1.9040700132396329,0
-0.7052755600910742,-0.38623670469414406,-0.37942688831739957,-0.47815832958836385,-0.22138636863247138,1.228747436394357,0.23150443711581684,-0.5828124643199056,0.37681626838266113,-0.13044178379238203,-0.040962424092642676,0
0.09950267990070293,0.2887819264056358,-0.48054114174361123,-0.31035454416696756,-0.20208796382771316,-1.0435371847213235,-0.4784909606070399,-0.00654527288023989,-0.6856090620735797,-1.0443061152135702,-0.5966859776161497,0
1.3066700398883682,-0.1702307427422145,0.8845012795102452,0.10915491938652265,0.5891466331673725,1.8215173375549691,0.6456684191208166,0.19252884779888566,-0.49812223905189135,0.3264903819182117,0.42214053717694683,0
2.053964119880733,-0.5482411761580914,1.946200940485467,0.5286643829400128,0.39616258511979063,-0.54956226708748,-0.6855729516095398,1.7222563014387575,-0.9980871004430641,1.069005151197927,-0.040962424092642676,1
-0.9352122000887245,0.5857901240895393,-0.22775550817808218,-0.31035454416696756,-0.16349115421819677,-0.4507672835607113,2.154408639281887,-0.6980659026078389,0.31432066070876313,0.21225734049056313,0.42214053717694683,0
-0.8202438800898991,3.0158571960487484,-1.0872266623008806,-0.31035454416696756,-0.5301608455086024,-0.35197230003394253,-0.44890781903525423,-1.001915876276042,1.2517547758172107,-1.3298887187826913,0.8852434984465364,0
2.456353239876621,-1.1962590620138804,2.2495437007641015,-0.22645265145626947,-0.3178783926562624,-0.9447422011945549,-0.5080741021788256,1.041213257010072,-2.685468507638271,0.897655589056454,-0.5966859776161497,1
-1.2801171600852006,0.31578267164962703,-1.3400122958664096,-0.31035454416696756,-0.6266528695323953,-1.0435371847213235,-0.9814043673273968,-1.0438262174716384,1.3142503834911088,-0.5873739495029757,0.8852434984465364,0
-0.4753389200934235,-0.062227761766249584,0.7328298993709277,-0.14255075874557172,-0.028402320584889586,-0.7471522341410174,-0.24182582803275432,0.25539435959230905,1.6892240295344885,-0.3017913459338549,0.051658168161274894,0
-0.13043396009694783,1.8278244053131347,-1.3905694225795153,0.6964681683614088,0.14528332265793426,1.0311574693408194,0.4385864281183167,1.8532261176750902,1.8142152448822817,0.3264903819182117,-0.5966859776161497,0
-0.877728040089312,0.5857901240895393,-1.3905694225795153,0.19305681209722075,0.6663402523864053,-0.055587349453636394,-0.3897415358916828,-0.6980659026078389,0.814285522099936,-0.1875583045062063,0.7926229061926188,0
-0.2454022800957727,-0.008226271278267125,-0.1771983814649765,-0.3942564368776657,-0.3178783926562624,-0.055587349453636394,1.7402446572768875,-0.37326075834186656,-0.24813980835630492,-0.7016069909306244,-0.9671683466318217,0
-0.7627597200904866,-0.11622925225423204,-0.9355552821615634,-0.31035454416696756,-0.5108624407038441,-1.1423321682480923,-1.0997369336145395,-0.4570814407331171,0.2518250530348679,-0.7016069909306244,0.051658168161274894,0
-0.417854760094011,-0.5482411761580914,0.07558725210055241,-0.31035454416696756,-0.2599831782419878,0.3395925846534385,0.5865021359772452,0.24491677429339545,0.5643030914043495,-0.13044178379238203,-0.8745477543779041,0
2.053964119880733,-0.8182486285980034,1.1878440397888799,-0.3942564368776657,0.6277434427768889,-0.8459472176677861,-0.7743223763248969,1.5127045954607183,-0.43562663137799335,0.5549564647735089,-0.040962424092642676,0
-0.3603706000945981,-0.6562441571340564,2.4517722076165245,-0.5620602222990617,10.083961797108401,-0.7471522341410174,-0.03474383703025444,0.045842653614269896,-1.5605475695081323,3.4107825004647214,-0.9671683466318217,0
1.0767333998907174,-1.034254590549933,1.0361726596495624,-0.31035454416696756,-0.7038464887514261,-1.0435371847213235,-1.0997369336145395,-1.1171693145639752,-0.6856090620735797,0.15514081977673883,1.533587644223961,1
0.27195515989894126,-0.7102456476220385,0.6317156459447163,-0.22645265145626947,-0.18278955902295496,0.3395925846534385,0.17233815397224544,0.6744977715484455,0.814285522099936,-0.13044178379238203,-1.1524095311396585,0
-0.417854760094011,-0.22423223323019698,0.2778157589529757,-0.47815832958836385,-0.279281583046746,1.1299524528675882,1.1485818258411735,0.18205126249997206,0.6267986990782476,-0.4731409080753278,-1.3376507156474937,0
-0.4753389200934235,-0.6022426666460738,0.22725863223986992,0.19305681209722075,-0.41437041668005314,-0.8459472176677861,-0.6264066684659684,-0.22657456415719263,-0.43562663137799335,-1.272772198068867,-0.040962424092642676,0
0.04201851990129049,-0.764247138110021,-0.8849981554484575,-0.6459621150097599,-0.2599831782419878,-0.9447422011945549,-0.6264066684659684,-0.47279781868145837,-1.3730607464864437,-1.3298887187826913,-0.689306569870069,0
0.15698683990011536,0.0997767096976978,-0.9355552821615634,0.6964681683614088,-0.39507201187529495,-0.7471522341410174,-0.8630718010402539,0.3339762493340737,-0.49812223905189135,-1.272772198068867,-0.4114447931083146,0
0.4444076398971786,-0.1702307427422145,0.12614437881365825,-0.47815832958836385,-0.45296722628956954,-0.7471522341410174,-0.8630718010402539,0.5382891626626851,0.06433823001317672,0.26937386120438744,0.051658168161274894,0
-0.30288644009518567,0.07277596445370657,-0.7838839020222459,0.025253026675824523,-0.39507201187529495,-0.4507672835607113,-0.3305752527481114,-0.37326075834186656,0.18932944536096993,-0.3017913459338549,1.0704846829543715,0
-0.6477914000916613,-0.062227761766249584,-1.0366695355877749,-0.8976677931418541,-0.279281583046746,-1.0435371847213235,-0.7743223763248969,0.3077822860868188,0.06433823001317672,0.8405390683426304,-0.7819271621239865,0
0.5593759598960044,-0.1702307427422145,0.42948713909229297,-0.5620602222990617,-0.08629753499916394,-0.9447422011945549,-0.8630718010402539,0.17157367720111663,-0.24813980835630492,0.6120729854873332,0.3295199449230293,0
-0.3603706000945981,0.26178118116164456,-0.8849981554484575,-0.5620602222990617,0.2610737514864832,1.228747436394357,1.8585772235640303,-0.5566185010726508,-1.435556354160339,-0.9871895944997459,-0.5966859776161497,0
0.15698683990011536,0.8287968312854604,-0.8849981554484575,-0.7298640077204578,0.06808970343890143,-1.241127151774861,-1.0109875088991824,0.3863641758285835,0.0018426223392815047,-0.07332526307855772,-0.8282374582509445,0
-1.2226330000857877,-0.38623670469414406,-0.5310982684567169,-0.7298640077204578,-0.2985799878515042,-0.8459472176677861,-1.0405706504709682,-1.2900494719959041,1.8767108525561769,-0.7016069909306244,0.8852434984465364,0
-0.13043396009694783,1.0448027932373896,-0.278312634891188,-0.22645265145626947,-0.3178783926562624,-0.4507672835607113,-0.15307640331739722,-0.00654527288023989,0.31432066070876313,-0.6444904702168001,-1.245030123393576,0
-0.7052755600910742,0.31578267164962703,-1.3400122958664096,0.025253026675824523,-0.22138636863247138,0.4383875681802072,1.1485818258411735,0.39160296847806936,1.5017372065127972,-0.4160243873615035,-0.5966859776161497,0
2.3988690798772083,0.15377820018568025,1.0867297863626684,-0.0586488660348736,-0.4722656310943278,-1.0435371847213235,-0.567240385322397,1.6698683749442478,-1.435556354160339,1.1832381926255755,0.42214053717694683,0
-0.9926963600881374,0.20777969067366212,-1.2894551691533038,-0.31035454416696756,0.5119530139483399,-0.9447422011945549,-0.8926549426120397,-0.09036595527149044,0.43931187605655636,0.15514081977673883,-0.8745477543779041,0
-1.9124429200787394,-0.6022426666460738,-0.1771983814649765,-0.3942564368776657,-0.5494592503133606,0.3395925846534385,0.11317187082867405,-2.62594159760602,2.564162536969041,0.44072342334586034,3.2933788970484015,1
-1.1651488400863752,-0.9262516095739683,-0.4299840150305054,0.612566275650711,-0.2599831782419878,-0.055587349453636394,-0.21224268646096864,-0.5828124643199056,1.5642328141866952,-0.815840032358273,2.089311197747468,0
-1.854958760079327,0.2887819264056358,-1.3905694225795153,-0.6459621150097599,-0.8582337271894916,-0.1543823329804051,1.1781649674129593,-2.1334950885576047,1.5642328141866952,1.583053837622345,2.274552382255305,1
-0.6477914000916613,0.6937931050655043,-1.238898042440198,-0.14255075874557172,-0.20208796382771316,0.04320763407313233,1.1781649674129593,0.37588659052972806,1.376745991165004,-0.530257428789152,-0.689306569870069,0
-0.30288644009518567,0.9097990670174335,-1.0872266623008806,-0.47815832958836385,-0.18278955902295496,0.4383875681802072,-0.3305752527481114,-0.22657456415719263,0.5643030914043495,0.15514081977673883,0.42214053717694683,0
-0.30288644009518567,-1.034254590549933,0.48004426580539883,-0.3942564368776657,-0.12489434460868222,0.833567502287282,0.34983700340295965,-0.1637090523638274,0.18932944536096993,-0.4160243873615035,-0.9671683466318217,0
-0.0729498000975354,0.20777969067366212,-0.07608412803876483,-0.22645265145626947,-0.5494592503133606,1.228747436394357,0.5569189944054596,-0.4256486848363763,-0.06065298533461649,-1.3298887187826913,-0.31882420085439706,0
-0.7627597200904866,0.31578267164962703,-1.3905694225795153,-0.6459621150097599,-0.7038464887514261,-1.241127151774861,-1.1293200751863253,-0.37326075834186656,0.6267986990782476,-1.1014226359273944,-0.13358301634656025,0
-1.9124429200787394,-0.7102456476220385,1.1372869130757741,1.5354870954683892,-0.8196369175799751,1.3275424199211256,1.000666117982245,-3.411760495023783,1.1267635604694204,-0.016208742364733426,2.9228965280327297,0
0.6743442798948293,0.20777969067366212,-0.025527001325658983,-0.14255075874557172,-0.12489434460868222,0.7347725187605133,2.8939871785765297,0.5801995038583395,-0.24813980835630492,-0.6444904702168001,-0.9671683466318217,0
-0.877728040089312,-0.27823372371817945,-0.986112408874669,-0.5620602222990617,-0.279281583046746,2.4142872387155814,0.5273358528336738,-0.7452150364529209,-1.1855739234647527,-0.9871895944997459,-0.7819271621239865,0
0.90428091989248,0.045775219209715334,0.8845012795102452,-0.14255075874557172,-0.3371767974610206,0.04320763407313233,-0.18265954488918293,1.2507649629881112,0.5018074837304544,-0.24467482522003062,-0.9671683466318217,0
-0.5903072400922489,1.0988042837253722,-1.3905694225795153,-0.22645265145626947,-0.16349115421819677,0.24079760112666976,-0.5376572437506113,0.4911400288176612,0.6267986990782476,-0.3589078666476792,-0.9671683466318217,0
-0.877728040089312,1.3688117361652843,-1.3905694225795153,-0.0586488660348736,0.29967056109599965,-0.1543823329804051,-0.4784909606070399,-0.058933199374749674,1.3142503834911088,-0.6444904702168001,0.23689935266911005,0
0.5018917998965909,0.5317886336015569,-0.3288697616042939,0.19305681209722075,0.1645817274626906,1.3275424199211256,0.5569189944054596,1.0936011835045818,-0.1856442006824097,-0.4731409080753278,-0.7819271621239865,0
1.3641541998877806,-0.7102456476220385,1.0361726596495624,-0.31035454416696756,0.7049370619959217,-0.055587349453636394,0.08358872925688836,0.6744977715484455,-1.7480343925298234,0.8405390683426304,-0.689306569870069,0
1.824027479883082,-1.1692583167698891,1.3395154199281973,-0.31035454416696756,-0.08629753499916394,-1.0435371847213235,-0.9222380841838254,1.041213257010072,-2.0605124308993052,0.21225734049056313,-1.1524095311396585,0
0.27195515989894126,0.31578267164962703,-0.48054114174361123,0.36086059751861665,0.010194489024626822,-0.35197230003394253,0.8231672685515308,0.3496926272824732,-1.0605827081169594,-0.7016069909306244,-0.9671683466318217,0
-0.9926963600881374,1.6658199338491873,-1.238898042440198,-0.14255075874557172,-0.5687576551181188,1.6239273705014319,0.054005587685102656,-0.792364170298003,1.3142503834911088,-0.5873739495029757,1.7188288287317979,1
0.90428091989248,-0.1702307427422145,-0.1771983814649765,-0.14255075874557172,0.2803721562912414,-0.9447422011945549,-0.9518212257556111,0.5697219185594259,0.18932944536096993,-0.815840032358273,-0.4114447931083146,0
-1.1076646800869623,1.8008236600691434,-1.238898042440198,0.612566275650711,-0.3371767974610206,1.1299524528675882,0.34983700340295965,-0.8971400232870226,1.8767108525561769,-0.9871895944997459,2.089311197747468,0
-0.015465640098121944,0.5047878883575656,-0.37942688831739957,-0.8137659004311559,-0.16349115421819677,1.1299524528675882,2.154408639281887,0.25539435959230905,-0.9355914927691662,2.6111512104711823,-1.245030123393576,0
-0.417854760094011,-0.6022426666460738,-0.12664125475187066,1.199879524625597,0.29967056109599965,1.228747436394357,1.296497533700102,0.5906770891571949,-0.9980871004430641,-0.530257428789152,-1.245030123393576,0
-0.877728040089312,-0.9262516095739683,0.22725863223986992,-0.5620602222990617,-0.41437041668005314,-1.1423321682480923,-1.1293200751863253,-2.0496744061663543,0.31432066070876313,-0.6444904702168001,2.1819317900013875,1
0.4444076398971786,-0.33223521420616187,1.0867297863626684,0.10915491938652265,0.10668651304841785,2.216697271662044,1.7698277988486733,0.7792736245374651,-1.435556354160339,-0.4160243873615035,-1.245030123393576,0
-0.015465640098121944,-0.22423223323019698,0.42948713909229297,-0.5620602222990617,2.5768823280574655,-0.9447422011945549,-0.8926549426120397,0.6744977715484455,-0.810600277421373,-0.3589078666476792,-0.8745477543779041,0
1.9964799598813203,-0.8182486285980034,1.3900725466413033,-0.31035454416696756,-0.3371767974610206,-1.0435371847213235,-0.8039055178966826,0.9888253305155623,-1.2480695311386505,-0.24467482522003062,0.3295199449230293,0
0.27195515989894126,0.6937931050655043,-0.07608412803876483,-0.6459621150097599,-0.279281583046746,-1.1423321682480923,-0.6855729516095398,0.20300643309779925,-0.9980871004430641,0.44072342334586034,-1.1524095311396585,0
-0.30288644009518567,-0.38623670469414406,-0.07608412803876483,-0.47815832958836385,-0.009103915780131382,0.7347725187605133,0.20192129554403115,0.7268856980429552,0.7517899144260408,0.44072342334586034,-1.1524095311396585,0
2.1114482798801455,-0.4402381951821265,1.3900725466413033,-0.3942564368776657,-0.2985799878515042,0.9323624858140508,0.08358872925688836,1.565092521955228,-1.3105651388125459,0.5549564647735089,-0.13358301634656025,0
-0.13043396009694783,0.6937931050655043,-0.278312634891188,-0.22645265145626947,-0.37577360707053675,-0.6483572506142486,-0.6855729516095398,0.045842653614269896,-0.06065298533461649,3.0680833761817756,-0.13358301634656025,0
0.6743442798948293,1.7738229148251523,-0.07608412803876483,-0.47815832958836385,-0.18278955902295496,-0.25317731650717384,-0.5376572437506113,0.21348401839671283,-0.3731310237040981,-0.24467482522003062,-0.4114447931083146,0
-0.417854760094011,5.661930229959886,-1.3905694225795153,-0.31035454416696756,0.936517919653018,-1.0435371847213235,-1.0997369336145395,-1.0228710468738693,1.1892591681433156,-1.5012382809241638,0.42214053717694683,0
-0.877728040089312,0.7477945955534867,-1.3905694225795153,-0.47815832958836385,-0.16349115421819677,0.6359775352337447,-0.21224268646096864,0.15585729925271719,0.5643030914043495,0.44072342334586034,-0.689306569870069,0
1.7665433198836697,0.3697841621376095,1.0867297863626684,0.19305681209722075,-0.06699913019440573,-0.54956226708748,-0.15307640331739722,1.4079287424716407,-0.9980871004430641,-0.1875583045062063,0.051658168161274894,0
-1.1076646800869623,-1.1962590620138804,-0.9355552821615634,-0.8976677931418541,-0.43366882148481134,-0.055587349453636394,-0.5376572437506113,-1.1119305219145474,0.6892943067521428,0.21225734049056313,-0.4114447931083146,1
-1.2801171600852006,-1.1422575715258978,-0.12664125475187066,-0.14255075874557172,-0.3371767974610206,0.7347725187605133,0.34983700340295965,-0.20038060090993773,0.6892943067521428,1.754403399763818,0.14427876041519247,0
-0.5328230800928359,-0.8722501190859859,0.7833870260840335,0.10915491938652265,-0.12489434460868222,0.24079760112666976,1.0598324011258164,0.19252884779888566,0.1268338376870747,0.09802429906291517,-0.689306569870069,0
1.4791225198866065,-0.764247138110021,0.9856155329364565,-0.5620602222990617,0.5698482283626142,-0.9447422011945549,-0.9518212257556111,0.7792736245374651,-0.06065298533461649,0.4978399440596846,-0.5966859776161497,0
-1.7399904400805015,0.20777969067366212,-1.3400122958664096,-0.6459621150097599,-0.6652496791419097,-1.0435371847213235,-0.567240385322397,-1.7353468471992954,1.6267284218605904,1.0118886304841026,1.9040700132396329,1
-0.5903072400922489,1.1258050289693633,-0.986112408874669,-0.6459621150097599,0.10668651304841785,-0.54956226708748,-0.03474383703025444,-0.4989917819287133,-0.43562663137799335,-0.9300730737859215,-0.5966859776161497,0
0.3869234798977661,-0.9262516095739683,1.2384011665019858,-0.31035454416696756,0.4347593947293071,-1.0435371847213235,-1.070153792042754,-0.5409021231243095,0.0018426223392815047,-0.24467482522003062,0.7926229061926188,0
-0.9926963600881374,2.3138378197049763,-1.3905694225795153,-0.5620602222990617,-0.12489434460868222,-1.0435371847213235,-0.8926549426120397,-1.6305709942102178,1.1892591681433156,-1.272772198068867,1.3483464597161259,0
0.9617650798918925,-0.9802531000619508,0.9856155329364565,-0.3942564368776657,-0.5301608455086024,-0.9447422011945549,-1.0405706504709682,-0.4518426480836312,-0.49812223905189135,-0.815840032358273,1.4409670519700435,0
-1.7399904400805015,-0.33223521420616187,-0.8344410287353518,-0.22645265145626947,-0.7810401079704588,0.04320763407313233,1.2669143921283164,-2.5630760858125967,1.439241598838902,1.2403547133394,2.9228965280327297,1
-0.30288644009518567,0.3697841621376095,-0.07608412803876483,-0.3942564368776657,-0.16349115421819677,1.5251323869746631,2.5094063381433154,-0.2580073200539334,-0.6231134543996846,-0.815840032358273,-0.5040653853622322,0
0.27195515989894126,-1.1962590620138804,0.6317156459447163,0.2769587048079185,0.39616258511979063,-0.8459472176677861,-0.8926549426120397,-0.29991766124952957,0.0018426223392815047,0.7263060269149818,1.2557258674622083,1
0.21447099989952778,0.045775219209715334,-0.07608412803876483,0.025253026675824523,0.1645817274626906,-0.8459472176677861,-0.44890781903525423,0.46494606557040635,-0.24813980835630492,-0.3589078666476792,-1.0597889388857393,0
-0.30288644009518567,0.6127908693335306,-1.3905694225795153,-0.3942564368776657,-0.12489434460868222,-0.7471522341410174,-0.8926549426120397,-0.1637090523638274,0.43931187605655636,-0.4160243873615035,-0.5966859776161497,0
-0.2454022800957727,-1.3042620429898453,1.0867297863626684,-0.22645265145626947,0.14528332265793426,0.5371825517069759,0.37942014497474535,0.22396160369562643,0.0018426223392815047,0.04090777834909087,-0.31882420085439706,0
-0.877728040089312,0.5317886336015569,-1.0366695355877749,-0.31035454416696756,0.010194489024626822,-0.4507672835607113,-0.06432697860204013,-0.7399762438034931,1.0017723451216272,-0.6444904702168001,-0.040962424092642676,0
-0.13043396009694783,-0.8182486285980034,0.025030125387446853,-0.31035454416696756,-0.43366882148481134,-0.25317731650717384,-0.4784909606070399,0.045842653614269896,-0.49812223905189135,0.383606902632036,-0.689306569870069,1
-0.3603706000945981,0.9908013027494071,-1.3400122958664096,-0.31035454416696756,-0.4722656310943278,1.5251323869746631,-0.09391012017382583,-1.57294427506628,0.6267986990782476,-0.530257428789152,1.2557258674622083,0
1.019249239891305,-1.1962590620138804,0.8339441527971394,-0.14255075874557172,-0.16349115421819677,0.6359775352337447,-0.00516069545846874,1.0936011835045818,0.06433823001317672,0.04090777834909087,-0.689306569870069,0
1.421638359887194,-1.1422575715258978,0.8339441527971394,-0.7298640077204578,-0.491564035899086,0.04320763407313233,-0.27140896960454003,0.9364374040210526,-0.5606178467257865,0.6691895062011575,-0.4114447931083146,0
0.27195515989894126,0.3697841621376095,0.07558725210055241,-0.22645265145626947,0.18388013226745067,-1.0435371847213235,-0.9222380841838254,1.0936011835045818,0.31432066070876313,-0.9871895944997459,-1.245030123393576,0
-1.1076646800869623,-0.8722501190859859,-0.12664125475187066,-0.47815832958836385,-0.279281583046746,0.5371825517069759,0.08358872925688836,0.3601702125813286,1.6267284218605904,-0.24467482522003062,-0.5966859776161497,0
0.3294393198983537,0.31578267164962703,1.1372869130757741,-0.3942564368776657,4.796198880604658,1.1299524528675882,1.0302492595540307,-0.1637090523638274,-1.6855387848559253,5.409860725448571,-0.8745477543779041,0
0.8467967598930677,0.6937931050655043,0.5811585192316104,0.612566275650711,-0.10559593980392214,0.5371825517069759,0.37942014497474535,1.1459891099990918,0.37681626838266113,0.26937386120438744,0.9778640907004539,1
-0.7627597200904866,0.20777969067366212,-1.2894551691533038,-0.3942564368776657,-0.3178783926562624,0.14200261759990104,-0.5968235268941827,-0.504230574578141,0.31432066070876313,-0.3017913459338549,-0.22620360860047947,0
0.6168601198954169,-1.034254590549933,0.48004426580539883,-0.22645265145626947,-0.2599831782419878,-1.0435371847213235,-0.9814043673273968,0.6744977715484455,-0.5606178467257865,-0.24467482522003062,-1.1524095311396585,0
-0.5328230800928359,-0.008226271278267125,-0.7838839020222459,-0.47815832958836385,1.4768732541862493,-1.1423321682480923,-1.0109875088991824,0.16109609190220306,-0.3106354160302029,1.1261216719117513,-1.1524095311396585,0
-0.4753389200934235,0.3697841621376095,-1.238898042440198,-0.5620602222990617,0.12598491785317606,0.9323624858140508,1.5627458078461733,-0.8971400232870226,0.2518250530348679,-0.7016069909306244,-0.31882420085439706,0
-1.0501805200875498,-0.008226271278267125,-1.0872266623008806,-0.3942564368776657,-0.491564035899086,1.3275424199211256,-0.06432697860204013,-0.95476674243096,0.43931187605655636,0.9547721097702784,-0.13358301634656025,0
-0.6477914000916613,-0.27823372371817945,-1.0366695355877749,2.542309807996766,0.010194489024626822,-0.54956226708748,-0.8334886594684683,0.0667978242120389,0.37681626838266113,0.09802429906291517,0.7000023139386996,1
-1.1076646800869623,-0.6022426666460738,-0.9355552821615634,-0.14255075874557172,-0.6652496791419097,1.8215173375549691,0.5273358528336738,0.2763495301901362,0.6267986990782476,0.09802429906291517,-0.040962424092642676,0
0.09950267990070293,-0.8722501190859859,-0.37942688831739957,0.2769587048079185,0.02949289382938503,0.24079760112666976,0.34983700340295965,0.6744977715484455,0.18932944536096993,0.21225734049056313,-0.7819271621239865,0
0.15698683990011536,-1.6822724764057222,0.42948713909229297,-0.47815832958836385,-0.4722656310943278,3.6986220245635746,0.9119166932668878,-0.35230558774403936,1.0017723451216272,1.1832381926255755,0.5147611294308644,1
0.8467967598930677,-0.49423968567010895,0.9856155329364565,0.025253026675824523,-0.491564035899086,-0.6483572506142486,-0.5376572437506113,0.7268856980429552,-0.43562663137799335,-0.07332526307855772,0.3295199449230293,0
0.6168601198954169,-1.4122650239658099,1.2889582932150916,-0.0586488660348736,-0.279281583046746,-0.9447422011945549,-0.8334886594684683,-0.26848490535284697,-0.6856090620735797,2.6682677311850056,1.4409670519700435,1
-0.9352122000887245,0.4777871431135744,-0.3288697616042939,-0.47815832958836385,-0.18278955902295496,-0.7471522341410174,0.4681695696901024,0.15061850660328946,1.3142503834911088,-0.4731409080753278,-1.0597889388857393,0
-0.0729498000975354,-1.0882560810379154,0.5811585192316104,0.025253026675824523,-0.279281583046746,1.3275424199211256,0.054005587685102656,-0.7504538291023486,0.06433823001317672,1.2403547133394,1.8114494209857153,1
-0.5903072400922489,-0.22423223323019698,-0.8849981554484575,0.10915491938652265,-0.39507201187529495,-1.1423321682480923,-0.9518212257556111,-0.5723348790210503,-0.06065298533461649,-1.1014226359273944,0.051658168161274894,0
-0.2454022800957727,-0.9802531000619508,-0.3288697616042939,-0.47815832958836385,-0.2985799878515042,3.007057139876194,1.6514952325615304,-0.1637090523638274,-0.24813980835630492,-0.4731409080753278,-0.8745477543779041,0
-0.6477914000916613,-1.0882560810379154,0.2778157589529757,-0.6459621150097599,-0.5301608455086024,-1.241127151774861,-0.9814043673273968,-0.37326075834186656,-0.49812223905189135,2.496918169043534,-0.4114447931083146,1
-0.9926963600881374,0.6937931050655043,-1.3905694225795153,0.44476249022931474,0.5119530139483399,0.5371825517069759,-0.44890781903525423,-0.2213357715077649,0.8767811297738339,-0.1875583045062063,-0.13358301634656025,0
-0.30288644009518567,0.5857901240895393,-1.3905694225795153,-0.47815832958836385,-0.3178783926562624,1.1299524528675882,0.2610875786876025,-0.26848490535284697,0.0018426223392815047,-0.1875583045062063,0.5147611294308644,0
-0.9926963600881374,-0.49423968567010895,-0.9355552821615634,-0.22645265145626947,-0.491564035899086,-0.6483572506142486,-0.8334886594684683,-1.1905124116563122,0.6892943067521428,0.15514081977673883,0.7926229061926188,0
-0.5903072400922489,0.855797576529451,0.22725863223986992,-0.22645265145626947,-0.37577360707053675,1.9203123210817379,1.7106615157051017,-0.2056193935594236,0.1268338376870747,-0.8729565530720973,-0.8745477543779041,0
-0.18791812009636027,3.501870610440589,-0.3288697616042939,-0.47815832958836385,-0.10559593980392214,-0.1543823329804051,-0.15307640331739722,-0.7294986585045796,0.18932944536096993,-1.1014226359273944,0.051658168161274894,0
-0.877728040089312,-0.6562441571340564,0.17670150552676409,5.311072267449802,-0.08629753499916394,1.0311574693408194,-0.03474383703025444,0.8002287951352922,0.43931187605655636,-0.13044178379238203,-0.31882420085439706,0
0.21447099989952778,-0.6562441571340564,0.6822727726578218,3.1296230569716523,-0.20208796382771316,0.9323624858140508,-0.12349326174561154,-0.7399762438034931,-0.43562663137799335,0.6120729854873332,1.9966906054935505,1
-1.9124429200787394,-0.8182486285980034,-1.3400122958664096,-0.7298640077204578,-0.7810401079704588,1.0311574693408194,0.409003286546531,-3.076477765458839,2.439171321621248,0.4978399440596846,3.2933788970484015,0
1.1917017198895432,-0.6562441571340564,1.3900725466413033,0.612566275650711,-0.24068477343722958,0.6359775352337447,0.23150443711581684,1.5127045954607183,-0.9980871004430641,1.2974712340532242,-0.5040653853622322,0
1.0767333998907174,-1.0882560810379154,0.935058406223351,-0.47815832958836385,-0.14419274941343854,-0.9447422011945549,-1.0997369336145395,-0.22657456415719263,-1.3105651388125459,-1.0443061152135702,-0.040962424092642676,0
-1.0501805200875498,-0.062227761766249584,-0.8344410287353518,-0.5620602222990617,-0.2985799878515042,-0.25317731650717384,-0.24182582803275432,-0.6352003908144155,0.18932944536096993,-0.815840032358273,-1.0597889388857393,0
-0.18791812009636027,-0.27823372371817945,0.3283728856660816,-0.22645265145626947,-0.2985799878515042,0.04320763407313233,-0.6264066684659684,-1.6305709942102178,-0.1856442006824097,-0.016208742364733426,1.8114494209857153,0
-1.1651488400863752,0.20777969067366212,0.025030125387446853,-0.31035454416696756,-0.7810401079704588,-0.25317731650717384,0.08358872925688836,-1.557227897117939,0.6267986990782476,-0.3589078666476792,2.1819317900013875,0
-0.7627597200904866,-1.6822724764057222,0.12614437881365825,-0.5620602222990617,-0.45296722628956954,0.04320763407313233,-0.7743223763248969,0.003932312418673699,1.8767108525561769,0.897655589056454,-0.4114447931083146,0
1.1342175598901307,-0.5482411761580914,0.8339441527971394,-0.0586488660348736,2.4224950896194,-1.0435371847213235,-1.0109875088991824,1.4079287424716407,-0.7481046697474778,-0.1875583045062063,-0.8745477543779041,0
-0.5328230800928359,0.423785652625592,-1.3400122958664096,-0.3942564368776657,-0.279281583046746,-0.25317731650717384,-0.24182582803275432,0.40208055377698293,1.0642679527955223,-0.07332526307855772,-0.5966859776161497,0
0.90428091989248,-1.4122650239658099,1.0867297863626684,2.1228003444432755,-0.12489434460868222,-0.6483572506142486,-0.8630718010402539,-0.9809607056782731,-0.7481046697474778,-0.815840032358273,1.9040700132396329,1
1.1342175598901307,-0.1702307427422145,0.7328298993709277,-0.3942564368776657,-0.37577360707053675,0.5371825517069759,0.14275501240045976,0.7792736245374651,-0.9355914927691662,0.3264903819182117,0.9778640907004539,0
-0.5903072400922489,-0.9802531000619508,-0.1771983814649765,-0.3942564368776657,-0.41437041668005314,1.228747436394357,0.054005587685102656,-0.4989917819287133,0.7517899144260408,-0.7016069909306244,-0.4114447931083146,0
0.15698683990011536,-0.22423223323019698,1.1878440397888799,-0.3942564368776657,6.436563289009103,0.04320763407313233,0.4681695696901024,0.6221098450539356,-1.7480343925298234,2.8967338140403025,-1.3376507156474937,0
-0.8202438800898991,0.045775219209715334,-1.188340915727092,0.44476249022931474,-0.22138636863247138,-0.8459472176677861,-0.567240385322397,1.041213257010072,2.3766757139473498,1.4117042754808728,-0.9671683466318217,0
0.8467967598930677,-0.4402381951821265,0.5306013925185047,0.025253026675824523,-0.14419274941343854,1.8215173375549691,0.5865021359772452,0.2868271154890498,-0.9980871004430641,-0.4731409080753278,-0.5966859776161497,0
-1.2226330000857877,1.3688117361652843,-1.3905694225795153,-0.31035454416696756,-0.5494592503133606,-0.9447422011945549,-0.9814043673273968,-0.03797802877698066,1.7517196372083836,-0.3017913459338549,-0.4114447931083146,0
-0.0729498000975354,-0.49423968567010895,-0.1771983814649765,-0.14255075874557172,-0.491564035899086,-0.54956226708748,-0.5376572437506113,-0.30515645389901547,-0.3731310237040981,-0.7587235116444486,-0.22620360860047947,0
1.2491858798889557,-0.11622925225423204,1.8450866870592553,-0.0586488660348736,0.35756577551027424,-0.9447422011945549,-0.9222380841838254,0.3077822860868188,-1.3730607464864437,-0.016208742364733426,1.2557258674622083,1
0.6743442798948293,0.0997767096976978,1.946200940485467,-0.14255075874557172,5.761119120842567,-0.35197230003394253,-0.27140896960454003,0.7792736245374651,-0.8730958850952709,0.04090777834909087,-0.7819271621239865,0
-0.3603706000945981,2.3138378197049763,-0.37942688831739957,-0.3942564368776657,-0.800338512775217,-0.055587349453636394,0.409003286546531,-0.6352003908144155,0.31432066070876313,-1.272772198068867,0.42214053717694683,0
-0.7627597200904866,0.3697841621376095,0.12614437881365825,1.7032908808897855,-0.39507201187529495,0.4383875681802072,1.8881603651358159,1.2717201335859385,-0.06065298533461649,2.8967338140403025,-0.22620360860047947,0
2.5713215598754466,-1.2502605525018629,2.350657954190313,0.10915491938652265,0.12598491785317606,-0.6483572506142486,-0.5376572437506113,1.4079287424716407,-0.6856090620735797,0.6120729854873332,0.3295199449230293,1
-1.6825062800810886,1.1258050289693633,-0.9355552821615634,-0.6459621150097599,0.010194489024626822,0.04320763407313233,-0.5968235268941827,-1.410541702933265,2.2516844985995563,-0.5873739495029757,1.0704846829543715,0
0.3294393198983537,0.5587893788455481,0.48004426580539883,-0.6459621150097599,3.368116925052552,-1.0435371847213235,0.4681695696901024,0.20300643309779925,-1.9355212155515118,2.4398016483297096,-1.0597889388857393,0
0.90428091989248,-0.008226271278267125,1.4911868000675144,-0.0586488660348736,0.08738810824365964,1.4263374034478944,0.17233815397224544,0.20300643309779925,-0.7481046697474778,0.5549564647735089,1.0704846829543715,1
-0.7052755600910742,1.0988042837253722,-0.5816553951698228,-0.47815832958836385,0.22247694187696707,-0.055587349453636394,0.9119166932668878,-0.058933199374749674,-0.24813980835630492,-0.13044178379238203,-1.0597889388857393,0
0.27195515989894126,-0.6562441571340564,1.8450866870592553,-0.22645265145626947,0.08738810824365964,-0.6483572506142486,-0.12349326174561154,0.9888253305155623,1.439241598838902,-0.016208742364733426,0.051658168161274894,0
0.6168601198954169,-1.2502605525018629,1.440629673354409,0.2769587048079185,-0.16349115421819677,-0.9447422011945549,-0.8630718010402539,-0.1637090523638274,-0.9980871004430641,1.468820796194697,1.163105275208289,1
0.4444076398971786,-0.8722501190859859,0.22725863223986992,-0.31035454416696756,-0.4722656310943278,-1.1423321682480923,-0.9222380841838254,-0.4989917819287133,-0.06065298533461649,0.7834225476288061,0.7000023139386996,0
-0.9926963600881374,-0.764247138110021,1.0867297863626684,-0.6459621150097599,-0.35647520226577856,0.7347725187605133,3.041902886435458,-2.364001965133471,-1.1855739234647527,-0.9300730737859215,0.9778640907004539,0
-0.8202438800898991,0.5317886336015569,-1.3400122958664096,-0.0586488660348736,-0.24068477343722958,-0.1543823329804051,-0.21224268646096864,-0.7818865849990894,0.18932944536096993,-0.7587235116444486,0.3295199449230293,0
0.3869234798977661,0.6937931050655043,-0.5310982684567169,0.44476249022931474,-0.22138636863247138,-1.0435371847213235,-0.9814043673273968,0.46494606557040635,-0.1231485930085117,-0.6444904702168001,-0.040962424092642676,0
0.8467967598930677,-0.764247138110021,0.7833870260840335,-0.687913061365109,-0.39507201187529495,-1.0435371847213235,-1.0405706504709682,-1.0123934615749557,-0.7481046697474778,-1.1585391566412184,0.8852434984465364,0
-0.18791812009636027,0.20777969067366212,-0.22775550817808218,0.612566275650711,-0.2985799878515042,0.14200261759990104,2.154408639281887,0.019648690367015,-0.3106354160302029,-0.530257428789152,-1.0597889388857393,0
-1.2226330000857877,-0.9262516095739683,-0.1771983814649765,-0.22645265145626947,0.12598491785317606,0.3395925846534385,-0.12349326174561154,-1.1066917292650618,1.6267284218605904,-0.530257428789152,1.163105275208289,0
0.6168601198954169,-1.0882560810379154,1.592301053493726,0.2769587048079185,-0.18278955902295496,-0.6483572506142486,-0.4784909606070399,0.46494606557040635,-1.1855739234647527,-0.7016069909306244,1.4409670519700435,0
-0.417854760094011,0.9908013027494071,-1.3905694225795153,-0.31035454416696756,-0.39507201187529495,1.4263374034478944,-0.3305752527481114,-0.7242598658550937,1.0642679527955223,-0.07332526307855772,0.8852434984465364,0
-0.3603706000945981,0.855797576529451,-1.1377837890139866,0.19305681209722075,-0.2599831782419878,-0.055587349453636394,-0.567240385322397,0.3601702125813286,-0.3106354160302029,-0.3017913459338549,-1.245030123393576,0
-1.2226330000857877,0.3697841621376095,-0.986112408874669,-0.3942564368776657,0.02949289382938503,1.6239273705014319,-0.06432697860204013,-0.9495279497815323,0.8767811297738339,-0.4731409080753278,0.051658168161274894,0
0.4444076398971786,-0.7102456476220385,1.4911868000675144,1.7871927736004831,-0.16349115421819677,-0.9447422011945549,-0.7743223763248969,-0.10084354057040402,-0.1856442006824097,-0.530257428789152,1.9040700132396329,0
-1.2226330000857877,-0.062227761766249584,-0.986112408874669,1.6193889881790877,-0.3371767974610206,-0.4507672835607113,-0.4193246774634685,-0.13227629646708663,1.5642328141866952,-0.1875583045062063,1.0704846829543715,0
-0.5903072400922489,0.7477945955534867,-1.2894551691533038,-0.22645265145626947,-0.3178783926562624,1.5251323869746631,1.3556638168436734,-0.551379708423223,0.06433823001317672,0.09802429906291517,0.5765081909335057,0
-0.2454022800957727,-0.5482411761580914,-0.3288697616042939,-0.7298640077204578,0.33826737070551605,-0.54956226708748,-0.27140896960454003,-0.058933199374749674,-0.8730958850952709,1.4117042754808728,-0.8745477543779041,0
-0.7052755600910742,-1.6822724764057222,1.0867297863626684,-0.5620602222990617,-0.9547257512132825,-0.7471522341410174,-0.8334886594684683,-1.7143916766014682,0.5018074837304544,-0.5873739495029757,1.8114494209857153,0
-0.30288644009518567,-0.49423968567010895,0.025030125387446853,0.19305681209722075,0.22247694187696707,0.24079760112666976,1.4444132415590305,-0.058933199374749674,-0.5606178467257865,0.04090777834909087,-0.9671683466318217,0
-0.18791812009636027,0.5857901240895393,-0.278312634891188,-0.0586488660348736,0.10668651304841785,-1.0435371847213235,-0.3897415358916828,-0.3103952465484432,0.37681626838266113,-0.4731409080753278,0.5147611294308644,0
-0.9352122000887245,-1.3582635334778275,0.025030125387446853,-0.0586488660348736,-1.4757826809417536,2.019107304608507,1.5923289494179589,-3.1812536184479168,-0.3106354160302029,-1.5583548016379882,1.163105275208289,1
1.8815116398824945,0.26178118116164456,1.946200940485467,-0.22645265145626947,-0.279281583046746,-0.54956226708748,0.024422446113316957,2.1413597133948357,-0.3731310237040981,-0.530257428789152,-1.3376507156474937,0
-0.015465640098121944,1.2338080099453284,0.07558725210055241,1.4515852027576914,-0.2599831782419878,-0.35197230003394253,-0.8926549426120397,-0.11132112586925946,0.8767811297738339,0.09802429906291517,0.9778640907004539,0
-0.0729498000975354,-1.4662665144537923,0.3283728856660816,0.025253026675824523,-0.2985799878515042,0.04320763407313233,0.024422446113316957,-0.40469351423854916,0.5643030914043495,0.6691895062011575,0.7926229061926188,1
2.1114482798801455,-1.3582635334778275,1.0867297863626684,-0.47815832958836385,-0.279281583046746,-0.54956226708748,-0.7447392347531112,0.46494606557040635,-2.0605124308993052,-0.016208742364733426,-0.5040653853622322,1
-1.1651488400863752,-1.2502605525018629,1.0361726596495624,-0.5620602222990617,-0.37577360707053675,0.24079760112666976,0.4385864281183167,-0.4256486848363763,0.814285522099936,0.6691895062011575,-0.13358301634656025,0
-0.9352122000887245,-1.1422575715258978,0.8339441527971394,-0.0586488660348736,-0.5301608455086024,0.833567502287282,-0.3601583943198971,-0.9809607056782731,-0.1231485930085117,0.7834225476288061,1.0704846829543715,1
-1.337601320084613,0.26178118116164456,-0.37942688831739957,-0.0586488660348736,-0.2599831782419878,-0.055587349453636394,0.11317187082867405,-1.0700201807188932,1.6892240295344885,0.04090777834909087,1.9040700132396329,0
0.3294393198983537,-1.1422575715258978,0.17670150552676409,-0.3942564368776657,-0.009103915780131382,-0.35197230003394253,-0.8039055178966826,-0.5304245378253959,-0.8730958850952709,-0.6444904702168001,-0.040962424092642676,0
-1.9124429200787394,1.1258050289693633,-1.3905694225795153,-1.06547157856325,-0.9161289416037681,0.04320763407313233,-0.00516069545846874,-2.1649278444542874,4.376535159512038,-0.4160243873615035,1.9040700132396329,0
-1.510053800082851,0.3697841621376095,-1.3905694225795153,-0.8976677931418541,-0.491564035899086,-0.4507672835607113,-0.8334886594684683,-2.5159269519675727,0.8767811297738339,-0.5873739495029757,1.6262082364778785,0
-1.5675379600822639,-0.1702307427422145,-0.9355552821615634,-0.14255075874557172,-0.7617417031657006,0.14200261759990104,1.5627458078461733,-1.5781830677157078,2.00170206790397,-0.1875583045062063,2.3671729745092223,0
0.15698683990011536,0.5587893788455481,2.0473151939116785,-0.5620602222990617,6.069893597718696,0.3395925846534385,0.2906707202593882,-0.2056193935594236,-1.8105300002037186,2.782500772612654,-1.0597889388857393,0
0.27195515989894126,-0.49423968567010895,1.0867297863626684,0.2769587048079185,-0.10559593980392214,0.24079760112666976,1.9177435067076014,0.7792736245374651,-0.06065298533461649,-0.3589078666476792,-0.8745477543779041,0
-0.18791812009636027,-0.8182486285980034,-1.0872266623008806,-0.5620602222990617,-0.20208796382771316,-0.35197230003394253,0.08358872925688836,-0.24229094210559207,0.37681626838266113,-0.815840032358273,-0.5040653853622322,0
-0.2454022800957727,-1.7902754573816868,0.3789300123791871,-0.6459621150097599,-0.6652496791419097,-0.8459472176677861,-0.9222380841838254,-1.1171693145639752,0.06433823001317672,0.7834225476288061,1.3483464597161259,1
-0.6477914000916613,-0.8182486285980034,0.17670150552676409,-0.3942564368776657,-0.6266528695323953,-0.055587349453636394,-0.5080741021788256,-1.0438262174716384,-0.49812223905189135,0.5549564647735089,0.7926229061926188,1
-0.015465640098121944,1.6928206790931786,-1.3400122958664096,-0.22645265145626947,-0.35647520226577856,-1.0435371847213235,-0.9518212257556111,-0.00654527288023989,0.06433823001317672,-0.4731409080753278,0.5147611294308644,0
0.5593759598960044,-0.8722501190859859,0.8339441527971394,-0.7298640077204578,-0.9740241560180407,0.5371825517069759,-0.12349326174561154,-0.7609314144012622,-0.43562663137799335,0.8405390683426304,0.3295199449230293,1
0.5593759598960044,-1.0882560810379154,0.8845012795102452,-0.8137659004311559,-0.6073544647276351,0.3395925846534385,-0.27140896960454003,-0.9076176085859361,-0.810600277421373,1.2974712340532242,0.607381721684782,1
0.4444076398971786,-1.2502605525018629,0.3283728856660816,-0.3942564368776657,-0.4722656310943278,-0.35197230003394253,-0.6264066684659684,-0.813319340895772,-0.3106354160302029,1.0118886304841026,1.163105275208289,1
-0.877728040089312,0.31578267164962703,-1.0872266623008806,2.9618192715502563,-0.5494592503133606,-0.4507672835607113,-0.8334886594684683,-0.26848490535284697,0.6267986990782476,-0.4160243873615035,0.3295199449230293,1
1.019249239891305,-0.8722501190859859,0.3283728856660816,-0.0586488660348736,-0.06699913019440573,-1.0435371847213235,-0.8630718010402539,0.061559031562611194,-0.8730958850952709,-0.07332526307855772,0.14427876041519247,1
-1.2226330000857877,-0.764247138110021,0.7833870260840335,-0.3942564368776657,-0.3371767974610206,-0.1543823329804051,-0.6559898100377541,-1.2743330940475046,0.8767811297738339,1.1832381926255755,0.7000023139386996,1
-0.30288644009518567,0.3697841621376095,-0.6827696485960343,-0.0586488660348736,-0.04770072538964779,-1.241127151774861,-0.9222380841838254,0.41255813907589656,0.6892943067521428,-0.3589078666476792,0.3295199449230293,0
1.3066700398883682,-0.9262516095739683,1.6428581802068318,-0.22645265145626947,1.2259939917243927,-0.8459472176677861,-0.8334886594684683,0.9888253305155623,-1.6855387848559253,2.2684520861882365,-0.9671683466318217,0
-0.015465640098121944,0.9367998122614247,-0.7838839020222459,0.10915491938652265,0.06808970343890143,-0.35197230003394253,-0.5376572437506113,1.4079287424716407,1.2517547758172107,0.3264903819182117,-0.4114447931083146,0
-0.2454022800957727,-0.1702307427422145,0.2778157589529757,-0.3942564368776657,-0.08629753499916394,-0.055587349453636394,2.8644040370047437,0.045842653614269896,-0.6856090620735797,-0.6444904702168001,-0.8745477543779041,0
0.27195515989894126,0.0997767096976978,-1.188340915727092,-0.22645265145626947,0.5891466331673725,-0.1543823329804051,0.2906707202593882,-0.26848490535284697,-0.6231134543996846,-0.3589078666476792,0.42214053717694683,0
0.90428091989248,0.5317886336015569,-0.1771983814649765,-0.0586488660348736,-0.22138636863247138,-0.9447422011945549,-0.3897415358916828,0.3601702125813286,-1.3730607464864437,-0.530257428789152,-0.9671683466318217,0
-0.3603706000945981,-0.11622925225423204,0.025030125387446853,-0.31035454416696756,-0.028402320584889586,0.7347725187605133,0.23150443711581684,0.6744977715484455,0.6892943067521428,0.44072342334586034,-1.1524095311396585,0
1.2491858798889557,-1.5742694954297574,0.9856155329364565,-0.31035454416696756,-0.43366882148481134,-0.9447422011945549,-0.6559898100377541,0.5697219185594259,-0.9980871004430641,1.3545877547670484,0.5147611294308644,1
-0.7052755600910742,0.31578267164962703,-1.2894551691533038,-0.14255075874557172,-0.12489434460868222,0.833567502287282,1.4148300999872447,0.3811253831791558,1.5017372065127972,-0.7587235116444486,-0.689306569870069,0
4.180878039859,0.6127908693335306,1.0867297863626684,1.4515852027576914,0.12598491785317606,-0.54956226708748,-0.6855729516095398,3.3724759860159903,-2.4354860769426847,0.44072342334586034,0.607381721684782,0
0.9617650798918925,-0.22423223323019698,-0.37942688831739957,7.1569139070851575,-0.3371767974610206,-0.25317731650717384,0.11317187082867405,2.5080751988565204,-0.9355914927691662,0.15514081977673883,-1.1524095311396585,0
-0.3603706000945981,-0.5482411761580914,-0.12664125475187066,0.10915491938652265,-0.2985799878515042,1.3275424199211256,0.49775271126188814,-0.29467886860010184,0.37681626838266113,-0.4731409080753278,0.051658168161274894,0
1.3641541998877806,-0.9802531000619508,1.2889582932150916,0.10915491938652265,-0.35647520226577856,-1.0435371847213235,-0.8926549426120397,0.25539435959230905,-0.9980871004430641,-0.07332526307855772,0.5147611294308644,1
-0.015465640098121944,-1.3582635334778275,1.0361726596495624,-0.31035454416696756,0.08738810824365964,-0.9447422011945549,-1.0109875088991824,-1.3791089470365823,-0.3106354160302029,-0.24467482522003062,1.8114494209857153,1
-0.9352122000887245,-0.6022426666460738,-0.025527001325658983,5.143268482028405,-0.39507201187529495,0.833567502287282,3.0123197448636723,-1.001915876276042,-0.9355914927691662,-0.530257428789152,0.7926229061926188,0
2.456353239876621,-0.8182486285980034,1.946200940485467,0.10915491938652265,-0.009103915780131382,-0.54956226708748,-0.15307640331739722,2.246135566383855,-0.8730958850952709,0.09802429906291517,-0.5966859776161497,0
-1.9699270800781519,-0.6022426666460738,-1.3905694225795153,-0.31035454416696756,-0.7810401079704588,0.04320763407313233,-0.12349326174561154,-2.7097622799972703,2.501666929295143,0.44072342334586034,3.2933788970484015,1
-0.30288644009518567,-0.6562441571340564,2.0473151939116785,-0.6459621150097599,7.304991505223223,0.24079760112666976,0.6752515606926023,0.3077822860868188,-1.435556354160339,3.6963651040338426,-1.0597889388857393,0
-0.7627597200904866,-0.7102456476220385,0.22725863223986992,0.9481738464935031,-0.5301608455086024,-0.6483572506142486,-0.5080741021788256,-1.337198605840928,-0.1856442006824097,-0.9871895944997459,0.7926229061926188,1
0.15698683990011536,1.6118184433612048,-1.3905694225795153,0.2769587048079185,0.12598491785317606,0.14200261759990104,-0.09391012017382583,0.7897512098363786,0.1268338376870747,-0.3589078666476792,-0.040962424092642676,0
-0.30288644009518567,0.26178118116164456,-0.7333267753091401,-0.31035454416696756,0.2610737514864832,0.14200261759990104,-0.30099211117632574,-1.2114675822541394,-0.43562663137799335,-0.7587235116444486,0.7000023139386996,0
-0.7052755600910742,0.8017960860414691,-1.0366695355877749,-0.47815832958836385,-0.2599831782419878,0.04320763407313233,0.14275501240045976,0.07203661686152478,0.43931187605655636,-0.815840032358273,-0.8745477543779041,0
0.09950267990070293,0.6937931050655043,-0.37942688831739957,-0.31035454416696756,0.1645817274626906,0.7347725187605133,1.9769097898511727,0.32349866403521826,-1.1230783157908575,-1.0443061152135702,-1.1524095311396585,0
1.1342175598901307,-0.49423968567010895,1.1372869130757741,1.7032908808897855,0.35756577551027424,-1.0435371847213235,-0.9814043673273968,0.6744977715484455,-0.1856442006824097,0.9547721097702784,0.9778640907004539,0
-0.877728040089312,0.5857901240895393,-0.8849981554484575,-0.31035454416696756,-0.06699913019440573,0.24079760112666976,1.6219120909897446,-0.5828124643199056,0.18932944536096993,-0.815840032358273,-0.22620360860047947,0
-0.6477914000916613,0.4777871431135744,-1.3400122958664096,-0.14255075874557172,-0.45296722628956954,-0.7471522341410174,-0.00516069545846874,-1.7772571883948916,0.06433823001317672,-0.8729565530720973,1.2557258674622083,0
1.421638359887194,1.9358273862890996,0.12614437881365825,0.10915491938652265,0.8400258956292291,-0.8459472176677861,0.409003286546531,0.6011546744561085,-1.9980168232254072,2.9538503347541267,-0.22620360860047947,0
-0.8202438800898991,0.5587893788455481,-0.5310982684567169,-0.0586488660348736,2.9435520193478717,-0.9447422011945549,-0.8334886594684683,-0.32087283184735677,0.5643030914043495,-0.4160243873615035,-0.13358301634656025,0
0.3869234798977661,0.26178118116164456,-0.12664125475187066,-0.3942564368776657,0.29967056109599965,-0.7471522341410174,-0.7447392347531112,0.5120951994154302,-0.24813980835630492,0.3264903819182117,-0.7819271621239865,0
-0.3603706000945981,0.855797576529451,1.0867297863626684,-0.5620602222990617,0.5119530139483399,0.4383875681802072,1.9473266482793872,0.045842653614269896,-0.6231134543996846,0.26937386120438744,-1.0597889388857393,0
-0.2454022800957727,0.045775219209715334,0.3283728856660816,0.025253026675824523,-0.24068477343722958,-0.7471522341410174,-0.8630718010402539,-2.2854200753917064,-0.6856090620735797,0.3264903819182117,2.45979356676314,1
-0.30288644009518567,1.2338080099453284,-1.188340915727092,-0.14255075874557172,0.06808970343890143,-0.055587349453636394,0.23150443711581684,0.15061850660328946,-0.3106354160302029,-0.07332526307855772,-0.5966859776161497,0
2.85874235987251,-1.034254590549933,1.2384011665019858,0.612566275650711,0.10668651304841785,0.14200261759990104,0.20192129554403115,2.455687272362011,-1.6230431771820302,0.8405390683426304,-0.8745477543779041,0
0.5018917998965909,-0.008226271278267125,-0.1771983814649765,0.10915491938652265,-0.20208796382771316,1.228747436394357,2.746071470717601,0.6116322597550221,-0.6231134543996846,-0.530257428789152,-0.8745477543779041,0
-0.30288644009518567,-0.062227761766249584,-0.12664125475187066,-0.47815832958836385,-0.14419274941343854,-0.1543823329804051,-0.24182582803275432,0.8840494775264846,0.7517899144260408,-0.07332526307855772,-1.3376507156474937,0
-0.7627597200904866,0.0997767096976978,-0.7333267753091401,-0.22645265145626947,-0.2599831782419878,-0.055587349453636394,-0.3305752527481114,-0.4256486848363763,0.31432066070876313,-0.4160243873615035,-0.689306569870069,0
0.5593759598960044,-0.5482411761580914,0.8339441527971394,-0.47815832958836385,-0.06699913019440573,-0.6483572506142486,-0.7151560931813254,0.19252884779888566,-0.1856442006824097,-0.6444904702168001,-0.8745477543779041,0
-0.877728040089312,0.3697841621376095,-0.48054114174361123,-0.47815832958836385,-0.18278955902295496,0.24079760112666976,1.1781649674129593,0.045842653614269896,1.7517196372083836,-0.530257428789152,-1.0597889388857393,0
-0.417854760094011,0.8287968312854604,-0.22775550817808218,-0.14255075874557172,0.4347593947293071,0.4383875681802072,1.1189986842693878,-0.1637090523638274,-0.6231134543996846,-0.3017913459338549,-1.0597889388857393,0
-0.0729498000975354,-0.1702307427422145,0.3789300123791871,0.36086059751861665,-0.22138636863247138,0.5371825517069759,2.3910737718561728,0.46494606557040635,-0.49812223905189135,-0.24467482522003062,-0.9671683466318217,0
0.09950267990070293,-0.33223521420616187,-0.025527001325658983,-0.47815832958836385,-0.5880560599228789,0.24079760112666976,-0.24182582803275432,-0.8028417555969166,-0.9355914927691662,1.069005151197927,0.607381721684782,0
-0.13043396009694783,1.8278244053131347,-1.3905694225795153,-0.22645265145626947,-0.08629753499916394,-0.54956226708748,-0.44890781903525423,-0.07988836997257685,-0.3731310237040981,-0.9300730737859215,-0.5966859776161497,0
-0.4753389200934235,0.26178118116164456,-0.6827696485960343,-0.22645265145626947,-0.22138636863247138,1.1299524528675882,0.409003286546531,-0.21609697885833717,-0.1856442006824097,-0.4160243873615035,-0.5966859776161497,0
2.5713215598754466,0.4507863978695832,1.946200940485467,2.7940154861288597,-0.10559593980392214,-0.8459472176677861,-0.12349326174561154,2.874790684318089,-1.498051961834237,0.383606902632036,-0.4114447931083146,1
0.7893125998936542,-0.008226271278267125,1.6428581802068318,-0.3942564368776657,-0.9547257512132825,-1.0435371847213235,-0.8039055178966826,-0.4518426480836312,-0.06065298533461649,1.1261216719117513,1.8114494209857153,0
-0.5328230800928359,-0.9262516095739683,0.12614437881365825,-0.5620602222990617,-0.279281583046746,0.14200261759990104,-0.6559898100377541,-1.3214822278925866,-0.43562663137799335,0.21225734049056313,0.8852434984465364,1
0.15698683990011536,0.5317886336015569,-0.5310982684567169,0.36086059751861665,0.20317853707220887,0.5371825517069759,2.154408639281887,0.6744977715484455,-1.3730607464864437,-0.815840032358273,-1.0597889388857393,0
0.9617650798918925,0.26178118116164456,-0.278312634891188,-0.47815832958836385,-0.16349115421819677,-0.6483572506142486,-0.4193246774634685,0.3601702125813286,-1.1230783157908575,-0.6444904702168001,-0.8745477543779041,0
0.90428091989248,1.0178020479933985,1.3900725466413033,-0.6459621150097599,0.9172195148482619,0.833567502287282,0.17233815397224544,0.42303572437475195,0.2518250530348679,1.583053837622345,-0.4114447931083146,0
2.283900759878384,-0.764247138110021,1.7945295603461493,-0.14255075874557172,0.048791298634143235,-0.9447422011945549,-0.8334886594684683,1.9318080074167967,-0.9355914927691662,-0.9871895944997459,-0.8745477543779041,0
-0.18791812009636027,-1.8982784383576516,0.48004426580539883,-1.3171772566953444,-0.7617417031657006,2.019107304608507,1.8585772235640303,-3.479864799466634,-2.622972899964373,-1.272772198068867,2.089311197747468,0
-0.4753389200934235,0.9638005575054159,-1.3905694225795153,-0.7298640077204578,0.06808970343890143,0.6359775352337447,-0.44890781903525423,-0.1899030156110823,0.43931187605655636,-0.4731409080753278,-0.4114447931083146,0
0.4444076398971786,1.422813226653267,-1.3905694225795153,0.10915491938652265,0.14528332265793426,-0.4507672835607113,-0.5968235268941827,1.4079287424716407,0.2518250530348679,0.9547721097702784,-0.9671683466318217,0
-0.4753389200934235,-0.062227761766249584,0.6317156459447163,-0.22645265145626947,-0.5494592503133606,-0.35197230003394253,-0.7743223763248969,-1.033348632172783,-0.3106354160302029,-0.13044178379238203,1.2557258674622083,0
-0.7627597200904866,0.26178118116164456,0.025030125387446853,1.9549965590218794,-0.06699913019440573,-0.35197230003394253,0.6752515606926023,-0.20038060090993773,0.06433823001317672,0.21225734049056313,0.5147611294308644,0
-0.0729498000975354,-0.9802531000619508,0.2778157589529757,-0.0586488660348736,-0.24068477343722958,-0.4507672835607113,0.024422446113316957,-0.37849955099129423,-0.24813980835630492,0.8405390683426304,0.5147611294308644,0
1.0767333998907174,0.7477945955534867,0.5811585192316104,-0.47815832958836385,-0.6652496791419097,-0.9447422011945549,-0.8630718010402539,0.46494606557040635,-0.8730958850952709,-1.1014226359273944,-0.4114447931083146,0
-0.3603706000945981,-0.22423223323019698,-0.07608412803876483,-0.47815832958836385,-0.5108624407038441,-0.6483572506142486,-0.44890781903525423,-0.058933199374749674,0.5018074837304544,-0.13044178379238203,-0.7819271621239865,0
0.09950267990070293,-0.22423223323019698,-0.8344410287353518,-0.14255075874557172,-0.08629753499916394,-0.6483572506142486,0.6160852775490309,0.045842653614269896,-0.8730958850952709,-0.7587235116444486,-0.9671683466318217,0
0.09950267990070293,-0.38623670469414406,1.592301053493726,-0.8976677931418541,6.282176050571038,0.04320763407313233,-0.03474383703025444,0.16109609190220306,-1.7480343925298234,3.8677146661753157,-1.1524095311396585,0
-0.18791812009636027,-0.1702307427422145,0.5811585192316104,0.10915491938652265,-0.12489434460868222,-0.35197230003394253,-0.00516069545846874,0.9364374040210526,0.7517899144260408,-0.24467482522003062,0.23689935266911005,0
-1.1651488400863752,1.2338080099453284,-1.3905694225795153,0.36086059751861665,-0.3178783926562624,1.0311574693408194,0.17233815397224544,-1.531033933870684,1.2517547758172107,-0.3589078666476792,0.9778640907004539,0
-0.2454022800957727,-1.034254590549933,0.7328298993709277,-0.3942564368776657,-0.04770072538964779,-0.7471522341410174,-0.8039055178966826,-0.6561555614122426,0.2518250530348679,-0.3589078666476792,0.8852434984465364,0
1.019249239891305,-1.1962590620138804,0.3789300123791871,-0.7298640077204578,-0.2599831782419878,-0.6483572506142486,-0.5376572437506113,0.003932312418673699,-0.43562663137799335,0.9547721097702784,0.7000023139386996,1
-0.0729498000975354,-1.5742694954297574,0.3283728856660816,2.2067022371539733,-0.5108624407038441,-0.7471522341410174,-0.7151560931813254,0.3601702125813286,-0.5606178467257865,1.583053837622345,0.42214053717694683,0
0.3869234798977661,1.449813971897258,-0.7838839020222459,-0.0586488660348736,-0.10559593980392214,-0.7471522341410174,-0.5376572437506113,0.8630943069287156,0.1268338376870747,-0.07332526307855772,-0.040962424092642676,0
-0.13043396009694783,1.0178020479933985,-0.9355552821615634,0.2769587048079185,-0.08629753499916394,0.24079760112666976,0.08358872925688836,1.4079287424716407,0.7517899144260408,0.3264903819182117,0.607381721684782,0
-1.1651488400863752,-0.33223521420616187,-1.3905694225795153,-0.8976677931418541,-0.6459512743371515,1.1299524528675882,-0.3897415358916828,-2.364001965133471,0.8767811297738339,-1.0443061152135702,1.7188288287317979,0
2.1114482798801455,-0.8722501190859859,2.4517722076165245,1.4515852027576914,-0.43366882148481134,-0.8459472176677861,-0.24182582803275432,1.9318080074167967,-0.5606178467257865,-0.3589078666476792,2.3671729745092223,1
-1.1076646800869623,0.5857901240895393,-0.3288697616042939,-0.5620602222990617,-0.14419274941343854,-0.1543823329804051,-0.44890781903525423,0.09299178745935197,1.7517196372083836,-0.016208742364733426,-0.5966859776161497,0
0.21447099989952778,1.5578169528732224,-1.2894551691533038,-1.06547157856325,-0.35647520226577856,2.019107304608507,0.054005587685102656,-0.792364170298003,-0.6856090620735797,-0.4731409080753278,-0.5966859776161497,0
-0.2454022800957727,1.2608087551893195,-1.3905694225795153,-0.3942564368776657,-0.08629753499916394,-0.6483572506142486,-0.7151560931813254,-0.2737236980022747,0.1268338376870747,0.09802429906291517,0.42214053717694683,0
-1.0501805200875498,1.9088266410451085,-1.3905694225795153,-0.14255075874557172,1.4961716589910075,-0.9447422011945549,-1.0109875088991824,-0.6299615981649878,1.5642328141866952,-0.8729565530720973,0.3295199449230293,0
0.9617650798918925,-1.4662665144537923,1.3395154199281973,-0.47815832958836385,-0.10559593980392214,2.611877205769119,0.8231672685515308,-1.1538408631101438,-2.0605124308993052,-0.1875583045062063,1.2557258674622083,1
-0.5903072400922489,-0.764247138110021,0.17670150552676409,-0.0586488660348736,-0.279281583046746,-0.6483572506142486,-0.00516069545846874,-0.26848490535284697,0.6267986990782476,-0.7016069909306244,-0.9671683466318217,0
2.1114482798801455,-0.764247138110021,1.946200940485467,0.44476249022931474,0.08738810824365964,-0.35197230003394253,-0.4784909606070399,1.5127045954607183,-0.810600277421373,-0.1875583045062063,0.3295199449230293,1
1.5940908398854314,-1.1962590620138804,1.2889582932150916,-0.22645265145626947,-0.5494592503133606,-1.241127151774861,-1.070153792042754,-0.5199469525264823,-1.8105300002037186,0.9547721097702784,0.42214053717694683,1
-0.6477914000916613,0.8827983217734423,-0.7333267753091401,-0.3942564368776657,-0.24068477343722958,-0.35197230003394253,-0.7743223763248969,-0.6561555614122426,-0.1231485930085117,-0.7016069909306244,-0.31882420085439706,0
0.3869234798977661,-0.7102456476220385,0.7833870260840335,-0.0586488660348736,-0.39507201187529495,1.3275424199211256,-0.00516069545846874,-1.2638555087486492,-0.6856090620735797,-0.3589078666476792,1.6262082364778785,0
1.1917017198895432,0.23478043591765335,1.6934153069199378,0.10915491938652265,-0.24068477343722958,-0.4507672835607113,-0.6559898100377541,1.7222563014387575,-0.9355914927691662,0.15514081977673883,-1.3376507156474937,0
1.7090591598842573,-0.8722501190859859,0.6822727726578218,-0.14255075874557172,-0.009103915780131382,-0.9447422011945549,-0.8926549426120397,1.0936011835045818,-1.3730607464864437,0.7834225476288061,-1.0597889388857393,0
-1.337601320084613,-0.11622925225423204,-1.3905694225795153,-0.31035454416696756,-0.4722656310943278,2.4142872387155814,0.23150443711581684,-0.8971400232870226,1.439241598838902,1.5259373169085213,0.23689935266911005,0
-0.0729498000975354,1.0718035384813809,-0.3288697616042939,-0.6459621150097599,-0.279281583046746,-1.0435371847213235,-0.9814043673273968,0.045842653614269896,-0.6856090620735797,-0.815840032358273,-0.8745477543779041,0
1.938995799881907,-0.4402381951821265,1.7945295603461493,-0.22645265145626947,-0.2985799878515042,-0.8459472176677861,-0.6855729516095398,1.5860476925529972,-0.6231134543996846,0.15514081977673883,0.42214053717694683,0
-0.6477914000916613,1.0718035384813809,-1.2894551691533038,0.025253026675824523,-0.24068477343722958,0.04320763407313233,-0.12349326174561154,0.25539435959230905,0.814285522099936,-0.815840032358273,-1.0597889388857393,0
-0.2454022800957727,-1.2502605525018629,2.0473151939116785,4.891562803896312,-0.7424432983609424,2.1672997798986597,6.858128149195813,-1.861077870786084,-1.8730256078776166,-0.8729565530720973,1.7188288287317979,1
1.3066700398883682,-0.27823372371817945,1.8450866870592553,-0.22645265145626947,0.4347593947293071,-0.9447422011945549,-0.7743223763248969,0.15061850660328946,-0.3106354160302029,-0.016208742364733426,1.163105275208289,0
0.9617650798918925,0.855797576529451,-0.8344410287353518,-0.8976677931418541,-0.08629753499916394,-0.7471522341410174,-0.6559898100377541,-0.4885141966297997,-2.685468507638271,-1.1014226359273944,-0.689306569870069,0
-0.7627597200904866,-0.5482411761580914,-1.2894551691533038,-0.47815832958836385,-0.16349115421819677,-0.055587349453636394,-0.5376572437506113,-0.9390503644826187,0.2518250530348679,0.8405390683426304,0.14427876041519247,0
-1.1076646800869623,-0.9262516095739683,1.2889582932150916,-0.22645265145626947,2.731269566495531,0.3395925846534385,-0.3305752527481114,-1.7353468471992954,0.37681626838266113,1.5259373169085213,1.8114494209857153,0
-0.877728040089312,2.070831112509056,0.07558725210055241,1.9549965590218794,-0.35647520226577856,-0.055587349453636394,-0.21224268646096864,-0.4937529892792274,1.376745991165004,-0.7016069909306244,0.607381721684782,0
-1.1651488400863752,-0.764247138110021,-0.986112408874669,-0.6459621150097599,-0.43366882148481134,-1.241127151774861,-0.7743223763248969,-0.6875883173089834,0.18932944536096993,-0.4731409080753278,-0.9671683466318217,0
-0.6477914000916613,0.5317886336015569,-1.3905694225795153,-0.47815832958836385,0.1645817274626906,-0.1543823329804051,-0.24182582803275432,0.019648690367015,0.37681626838266113,-0.4731409080753278,-1.3376507156474937,0
-1.1076646800869623,-0.9262516095739683,-0.3288697616042939,-0.22645265145626947,-0.800338512775217,1.0311574693408194,0.054005587685102656,-0.05369440672532196,1.0017723451216272,0.6120729854873332,-0.689306569870069,0
0.15698683990011536,-1.1692583167698891,0.6317156459447163,-0.22645265145626947,-0.18278955902295496,-1.241127151774861,-1.1884863583298966,-0.8342745114935992,-0.24813980835630492,0.04090777834909087,1.3483464597161259,0
0.3869234798977661,-0.33223521420616187,0.17670150552676409,0.19305681209722075,-0.08629753499916394,0.833567502287282,2.3319074887126012,0.8840494775264846,0.0018426223392815047,-0.3017913459338549,-0.9671683466318217,0
-1.797474600079914,0.6127908693335306,-1.3905694225795153,-0.2684035978116187,-0.16349115421819677,-0.055587349453636394,-0.5376572437506113,-1.1905124116563122,2.9391361830124176,-0.3017913459338549,1.9040700132396329,0
-0.18791812009636027,1.1528057742133546,1.440629673354409,-0.3942564368776657,0.5698482283626142,1.4263374034478944,2.5981557628586724,0.045842653614269896,-0.43562663137799335,-0.016208742364733426,-0.9671683466318217,0
-0.2454022800957727,-0.7102456476220385,0.07558725210055241,-0.5620602222990617,1.3224860157481837,-1.4387171188283985,-0.06432697860204013,0.3077822860868188,-0.06065298533461649,1.468820796194697,-0.8745477543779041,0
-0.5903072400922489,-1.1422575715258978,-0.22775550817808218,-0.14255075874557172,-0.43366882148481134,1.9203123210817379,0.704834702264388,-0.43612627013528993,0.7517899144260408,-0.24467482522003062,-0.31882420085439706,0
-0.7052755600910742,0.6937931050655043,-1.3905694225795153,1.199879524625597,-0.04770072538964779,0.14200261759990104,-0.03474383703025444,0.46494606557040635,0.9392767374477292,-0.7016069909306244,-0.8745477543779041,0
-0.6477914000916613,0.5317886336015569,-1.238898042440198,-0.22645265145626947,-0.16349115421819677,0.14200261759990104,1.2373312505565306,0.3863641758285835,1.376745991165004,-0.4731409080753278,-0.5966859776161497,0
-0.30288644009518567,-0.764247138110021,0.7328298993709277,-0.3942564368776657,-0.04770072538964779,-0.6483572506142486,-0.7447392347531112,-0.7609314144012622,0.5018074837304544,-0.016208742364733426,1.0704846829543715,0
-0.6477914000916613,-0.1702307427422145,-0.48054114174361123,-0.31035454416696756,-0.3371767974610206,-0.35197230003394253,-0.44890781903525423,0.470184858219834,1.3142503834911088,0.3264903819182117,-0.7819271621239865,0
0.15698683990011536,-0.33223521420616187,0.9856155329364565,-0.0586488660348736,-0.279281583046746,-0.8459472176677861,-0.5080741021788256,0.6221098450539356,-1.435556354160339,-1.1585391566412184,-0.8745477543779041,0
-0.7052755600910742,-0.9262516095739683,0.12614437881365825,-0.7298640077204578,-0.16349115421819677,1.9203123210817379,0.704834702264388,0.11394695805712098,0.814285522099936,-0.9300730737859215,-0.9671683466318217,0
1.3066700398883682,-1.1962590620138804,1.0867297863626684,0.025253026675824523,-0.41437041668005314,-0.9447422011945549,-0.7447392347531112,1.041213257010072,-0.3106354160302029,1.1261216719117513,0.23689935266911005,0
0.3294393198983537,-1.3042620429898453,0.3789300123791871,-0.47815832958836385,-0.41437041668005314,0.9323624858140508,0.32025386183117394,0.15061850660328946,-0.810600277421373,3.981947707602964,-0.13358301634656025,0
-1.2801171600852006,-1.1422575715258978,-0.12664125475187066,-0.5620602222990617,-0.04770072538964779,-1.0435371847213235,-0.4193246774634685,-1.0857365586672927,0.31432066070876313,-1.272772198068867,-0.31882420085439706,0
1.1917017198895432,-1.5742694954297574,1.0867297863626684,-0.5620602222990617,-0.2599831782419878,-0.9447422011945549,-0.7743223763248969,0.5173339920649161,-0.810600277421373,2.2684520861882365,0.5147611294308644,0
0.04201851990129049,-0.062227761766249584,-0.278312634891188,0.19305681209722075,-0.08629753499916394,-1.1423321682480923,-0.8334886594684683,0.05632023891318348,-0.3106354160302029,-0.530257428789152,-0.5040653853622322,0
-0.9926963600881374,0.26178118116164456,-1.2894551691533038,-0.3942564368776657,-0.5108624407038441,2.117902288135275,0.20192129554403115,-1.557227897117939,0.2518250530348679,0.5549564647735089,1.0704846829543715,1
-1.2226330000857877,0.5317886336015569,0.17670150552676409,-0.6459621150097599,-0.009103915780131382,-0.055587349453636394,0.5273358528336738,0.09823058010877968,0.9392767374477292,0.7263060269149818,-1.0597889388857393,0
-1.5675379600822639,0.6937931050655043,-1.3905694225795153,0.025253026675824523,-0.43366882148481134,-0.8459472176677861,-0.9222380841838254,-2.175405429753201,1.3142503834911088,-0.4731409080753278,2.274552382255305,0
-0.5328230800928359,-0.764247138110021,1.0361726596495624,-0.3942564368776657,-0.12489434460868222,-0.1543823329804051,0.6160852775490309,0.25539435959230905,0.18932944536096993,-0.6444904702168001,-1.1524095311396585,0
0.3294393198983537,-1.1962590620138804,0.42948713909229297,0.10915491938652265,-0.6266528695323953,-0.54956226708748,-0.21224268646096864,-0.5723348790210503,0.5643030914043495,0.15514081977673883,1.2557258674622083,0
0.09950267990070293,-1.3582635334778275,0.3789300123791871,-0.6459621150097599,-0.5301608455086024,-0.9447422011945549,-0.9222380841838254,-0.7714089997001758,-0.06065298533461649,0.44072342334586034,1.2557258674622083,1
0.09950267990070293,0.666792359821513,1.0867297863626684,3.045721164260954,0.6470418475816471,1.8215173375549691,3.1010691695790293,2.246135566383855,0.0018426223392815047,2.72538425189883,-1.0597889388857393,0
-1.3950854800840256,0.423785652625592,-0.986112408874669,-0.31035454416696756,-0.3371767974610206,0.04320763407313233,-0.6559898100377541,-1.5467503118190253,1.5642328141866952,0.6120729854873332,0.607381721684782,0
-1.5675379600822639,0.4777871431135744,-1.238898042440198,-0.8137659004311559,-0.16349115421819677,-0.9447422011945549,-0.9814043673273968,-0.9076176085859361,2.1891888909256614,-0.24467482522003062,-0.31882420085439706,0
-1.2801171600852006,0.15377820018568025,-1.3905694225795153,-0.22645265145626947,-0.18278955902295496,-0.9447422011945549,-1.0997369336145395,-1.001915876276042,1.7517196372083836,-0.7016069909306244,0.9778640907004539,0
-1.3950854800840256,0.6127908693335306,-0.7838839020222459,-0.3942564368776657,-0.2599831782419878,1.6239273705014319,-0.06432697860204013,-0.6509167687628149,1.6267284218605904,0.26937386120438744,-0.22620360860047947,0
-0.5903072400922489,0.31578267164962703,-0.07608412803876483,-0.3942564368776657,-0.16349115421819677,0.14200261759990104,1.7106615157051017,-0.4570814407331171,-0.1856442006824097,-0.815840032358273,-0.5040653853622322,0
1.4791225198866065,-1.1422575715258978,1.2384011665019858,-0.5620602222990617,0.8400258956292291,0.14200261759990104,-0.06432697860204013,0.328737456684646,-0.1856442006824097,0.6120729854873332,0.9778640907004539,0
0.9617650798918925,-0.8182486285980034,0.5306013925185047,-0.7298640077204578,1.55406687340528,1.1299524528675882,1.296497533700102,1.2717201335859385,-0.9980871004430641,-0.07332526307855772,-1.800753676917083,0
-0.30288644009518567,1.5578169528732224,0.07558725210055241,1.5354870954683892,-0.10559593980392214,0.5371825517069759,0.5273358528336738,-0.1532314670649138,-0.9355914927691662,-0.7587235116444486,-0.9671683466318217,0
-0.5328230800928359,-0.008226271278267125,-0.07608412803876483,-0.3942564368776657,0.24177534668172312,0.04320763407313233,0.7640009854079594,-0.5304245378253959,-0.9980871004430641,-0.530257428789152,-0.9671683466318217,0
0.6168601198954169,-0.7102456476220385,0.17670150552676409,-0.22645265145626947,0.02949289382938503,-0.25317731650717384,0.4681695696901024,-0.058933199374749674,-1.498051961834237,-0.1875583045062063,0.051658168161274894,0
1.1917017198895432,-1.3582635334778275,1.3395154199281973,0.19305681209722075,0.31896896590075785,-1.0435371847213235,-0.8039055178966826,1.0936011835045818,-0.3731310237040981,-0.1875583045062063,-0.8745477543779041,0
-0.30288644009518567,-0.008226271278267125,-1.188340915727092,-0.6459621150097599,-0.24068477343722958,0.14200261759990104,-0.44890781903525423,-0.1637090523638274,0.1268338376870747,-0.5873739495029757,-0.4114447931083146,0
-1.0501805200875498,0.423785652625592,-1.3905694225795153,-0.22645265145626947,0.12598491785317606,3.204647106929731,0.37942014497474535,-0.6823495246594975,1.8767108525561769,0.21225734049056313,0.9778640907004539,0
-0.7052755600910742,1.854825150557126,-1.1377837890139866,2.710113593418162,-0.12489434460868222,-1.241127151774861,-0.9518212257556111,0.7164081127440417,0.5643030914043495,-0.815840032358273,-0.22620360860047947,0
1.0767333998907174,-1.3042620429898453,1.895643813772361,-0.0586488660348736,-0.2599831782419878,-0.9447422011945549,-0.8630718010402539,-0.5566185010726508,-0.5606178467257865,-0.1875583045062063,1.2557258674622083,0
-0.7052755600910742,-0.5482411761580914,-0.5310982684567169,-0.5620602222990617,-0.12489434460868222,1.1299524528675882,0.14275501240045976,-0.19514180826051,1.1267635604694204,-0.13044178379238203,-0.040962424092642676,0
0.04201851990129049,1.1528057742133546,-0.8344410287353518,-0.47815832958836385,0.02949289382938503,0.04320763407313233,0.49775271126188814,-0.11132112586925946,-0.7481046697474778,0.897655589056454,-0.7819271621239865,0
-0.4753389200934235,-0.22423223323019698,-0.37942688831739957,0.10915491938652265,4.6997068565808675,-0.7471522341410174,-0.9518212257556111,0.045842653614269896,-0.6231134543996846,1.3545877547670484,0.051658168161274894,0
0.27195515989894126,-1.5742694954297574,1.3395154199281973,0.025253026675824523,-0.10559593980392214,0.9323624858140508,0.32025386183117394,0.8316615510319748,0.5018074837304544,-0.7016069909306244,-1.1524095311396585,0
-1.1076646800869623,0.855797576529451,-1.3905694225795153,-0.687913061365109,-0.6459512743371515,-0.8459472176677861,-1.0109875088991824,-2.6678519388016744,1.0017723451216272,-0.7587235116444486,2.274552382255305,0
0.7318284398942417,0.3697841621376095,1.1372869130757741,-0.14255075874557172,-0.18278955902295496,1.228747436394357,0.7344178438361737,1.565092521955228,1.1892591681433156,-0.530257428789152,-0.689306569870069,0
1.8815116398824945,-0.30523446896217066,0.6317156459447163,-0.8976677931418541,0.048791298634143235,-0.9447422011945549,-0.5376572437506113,0.17157367720111663,-1.498051961834237,-0.07332526307855772,-0.38057126235704003,0
-1.2226330000857877,0.6397916145775218,-1.0872266623008806,-0.7298640077204578,-0.7424432983609424,-0.9447422011945549,-0.8334886594684683,-1.6934365060036412,1.6267284218605904,-0.7016069909306244,1.3946567558430838,0
0.3294393198983537,-1.3582635334778275,0.8845012795102452,-0.6459621150097599,-0.41437041668005314,-0.8459472176677861,-1.0109875088991824,-1.6620037501069584,-0.3731310237040981,-0.6444904702168001,1.7188288287317979,1
-0.30288644009518567,-0.5482411761580914,0.22725863223986992,0.2769587048079185,-0.16349115421819677,1.3275424199211256,0.34983700340295965,0.3601702125813286,0.0018426223392815047,-0.13044178379238203,-0.13358301634656025,0
1.1917017198895432,0.423785652625592,1.0867297863626684,-0.31035454416696756,2.152317422352786,-1.0435371847213235,-0.8926549426120397,1.4079287424716407,-0.9355914927691662,-0.1875583045062063,-1.8933742691710007,0
-0.417854760094011,-0.6562441571340564,0.2778157589529757,0.025253026675824523,-0.20208796382771316,-0.9447422011945549,-0.6855729516095398,-0.5304245378253959,-0.06065298533461649,-0.4731409080753278,0.7000023139386996,0
1.1342175598901307,-0.6562441571340564,0.7328298993709277,-0.0586488660348736,2.403196684814642,-0.9447422011945549,-0.9518212257556111,1.4079287424716407,-0.7481046697474778,-0.24467482522003062,-0.8745477543779041,0
0.04201851990129049,0.15377820018568025,-0.986112408874669,-0.31035454416696756,0.31896896590075785,0.04320763407313233,-0.06432697860204013,-0.4780366113308861,-1.1230783157908575,-0.815840032358273,0.5147611294308644,0
1.7090591598842573,0.4777871431135744,1.9967580671985727,2.290604129864672,-0.04770072538964779,-0.9447422011945549,-0.8039055178966826,1.0936011835045818,-0.5606178467257865,0.15514081977673883,2.7376553435248945,1
-0.417854760094011,-0.6562441571340564,-0.1771983814649765,-0.5620602222990617,-0.16349115421819677,-1.1423321682480923,-1.0405706504709682,-0.26848490535284697,-0.1856442006824097,-0.4160243873615035,-0.8745477543779041,0
-0.7627597200904866,0.855797576529451,-1.0366695355877749,0.025253026675824523,0.048791298634143235,-0.055587349453636394,-0.7447392347531112,-0.5199469525264823,0.43931187605655636,-0.3589078666476792,0.7926229061926188,0
1.3066700398883682,2.6648475078768614,0.7833870260840335,0.2769587048079185,-0.16349115421819677,0.5371825517069759,1.1189986842693878,0.9364374040210526,-1.5605475695081323,-0.530257428789152,-0.31882420085439706,0
0.7318284398942417,1.2878095004333108,-0.7838839020222459,0.36086059751861665,-0.12489434460868222,1.4263374034478944,0.8231672685515308,1.0150192937628173,-0.06065298533461649,-0.13044178379238203,-0.040962424092642676,0
2.341384919877796,-0.7102456476220385,1.1878440397888799,-0.3942564368776657,-0.5687576551181188,-0.9447422011945549,-0.6559898100377541,1.4079287424716407,-1.6855387848559253,-0.3589078666476792,-1.0597889388857393,0
-0.9926963600881374,-0.062227761766249584,-0.986112408874669,-0.0586488660348736,-0.35647520226577856,-0.25317731650717384,-0.5968235268941827,-1.6410485795091312,0.5643030914043495,0.3264903819182117,1.9040700132396329,1
-0.13043396009694783,-0.8182486285980034,1.0361726596495624,-0.5620602222990617,1.3224860157481837,-1.0435371847213235,-0.8630718010402539,0.46494606557040635,-0.06065298533461649,2.2113355654744122,-0.9671683466318217,0
-0.4753389200934235,-0.11622925225423204,-1.2894551691533038,-0.6459621150097599,-0.08629753499916394,-0.25317731650717384,-0.44890781903525423,-0.6980659026078389,0.31432066070876313,-0.7016069909306244,0.051658168161274894,0
0.6168601198954169,0.8287968312854604,-0.07608412803876483,-0.0586488660348736,-0.12489434460868222,0.7347725187605133,2.8644040370047437,0.5697219185594259,-0.1856442006824097,-0.6444904702168001,-0.9671683466318217,0
-0.7627597200904866,-0.5482411761580914,0.42948713909229297,-0.7298640077204578,0.010194489024626822,-0.1543823329804051,-0.27140896960454003,-0.29467886860010184,0.18932944536096993,-0.5873739495029757,-1.1524095311396585,0
0.27195515989894126,-0.33223521420616187,1.0867297863626684,0.36086059751861665,-0.06699913019440573,0.14200261759990104,1.8881603651358159,0.7792736245374651,-0.1231485930085117,-0.3589078666476792,-0.5966859776161497,0
-0.4753389200934235,0.423785652625592,-0.37942688831739957,-0.6459621150097599,-0.24068477343722958,2.019107304608507,0.409003286546531,-0.9285727791837052,-1.3105651388125459,-1.5012382809241638,-1.0597889388857393,0
-0.13043396009694783,-1.0882560810379154,0.8339441527971394,-0.8137659004311559,-0.8968305367990078,-0.9447422011945549,-1.0109875088991824,-0.6771107320100698,0.2518250530348679,-0.3017913459338549,0.23689935266911005,0
0.3294393198983537,1.6658199338491873,0.3283728856660816,-0.8976677931418541,-0.7424432983609424,-1.1423321682480923,-1.070153792042754,-0.6142452202166464,-1.1855739234647527,-1.0443061152135702,-1.245030123393576,0
-1.0501805200875498,0.7477945955534867,-1.3905694225795153,1.5354870954683892,-0.6073544647276351,-0.4507672835607113,-0.7743223763248969,-0.960005535080446,0.8767811297738339,-0.5873739495029757,1.2557258674622083,0
0.90428091989248,0.20777969067366212,-0.12664125475187066,-0.3942564368776657,0.29967056109599965,-0.35197230003394253,1.2669143921283164,-0.21609697885833717,-1.6855387848559253,1.3545877547670484,-0.31882420085439706,0
0.5593759598960044,0.666792359821513,-0.07608412803876483,-0.3942564368776657,0.14528332265793426,-1.0435371847213235,-0.3305752527481114,0.3496926272824732,-0.3731310237040981,-1.3870052394965156,-0.7819271621239865,0
-0.877728040089312,0.855797576529451,-1.3905694225795153,2.6262117007074637,0.6856386571911635,0.5371825517069759,0.34983700340295965,1.565092521955228,0.9392767374477292,0.3264903819182117,-0.22620360860047947,0
-1.2226330000857877,0.26178118116164456,-1.3905694225795153,-0.7298640077204578,-0.45296722628956954,-0.7471522341410174,-0.8334886594684683,-0.058933199374749674,1.5642328141866952,1.0118886304841026,-0.9671683466318217,0
-0.18791812009636027,0.31578267164962703,-0.5816553951698228,-0.5620602222990617,-0.45296722628956954,-1.241127151774861,-0.8926549426120397,-0.26848490535284697,0.6892943067521428,1.468820796194697,0.051658168161274894,1
1.7090591598842573,-0.8722501190859859,1.1372869130757741,-0.5620602222990617,0.02949289382938503,0.4383875681802072,0.024422446113316957,0.328737456684646,-0.9980871004430641,-0.530257428789152,0.051658168161274894,0
0.3294393198983537,-0.27823372371817945,1.2889582932150916,1.2837814173362951,0.24177534668172312,-1.241127151774861,-1.070153792042754,-0.4466038554342035,-0.6231134543996846,-0.4160243873615035,1.533587644223961,1
-0.7052755600910742,0.4777871431135744,-1.0872266623008806,-0.981569685852552,-0.35647520226577856,-1.0435371847213235,-1.0109875088991824,-1.316243435243159,-0.8730958850952709,-1.0443061152135702,-0.5966859776161497,0
-0.3603706000945981,-1.8982784383576516,0.3283728856660816,0.19305681209722075,-0.43366882148481134,-0.055587349453636394,0.34983700340295965,-1.0543038027705518,0.37681626838266113,0.6691895062011575,1.2557258674622083,0
-0.7627597200904866,0.15377820018568025,-0.7333267753091401,-0.7298640077204578,-0.22138636863247138,0.9323624858140508,-0.12349326174561154,-0.2213357715077649,0.18932944536096993,-0.4160243873615035,-1.1524095311396585,0
0.5018917998965909,0.7477945955534867,-0.8849981554484575,0.44476249022931474,0.048791298634143235,-0.35197230003394253,0.054005587685102656,1.1355115247001781,0.0018426223392815047,-0.7016069909306244,-0.8745477543779041,0
0.04201851990129049,-1.5202680049417747,0.5811585192316104,-0.3942564368776657,-0.9161289416037681,-1.1423321682480923,-1.070153792042754,-1.4943623853245156,-0.24813980835630492,0.26937386120438744,1.9040700132396329,1
-1.5675379600822639,2.070831112509056,-1.3905694225795153,-0.31035454416696756,-0.9161289416037681,0.14200261759990104,0.9414998348386736,-1.7039140913025546,2.3141801062734544,0.383606902632036,0.8852434984465364,0
-0.4753389200934235,0.26178118116164456,-1.238898042440198,1.367683310046993,-0.16349115421819677,1.1299524528675882,-0.00516069545846874,-0.41517109953746273,-1.8105300002037186,-1.1014226359273944,-1.1524095311396585,0
0.5018917998965909,0.31578267164962703,-0.1771983814649765,0.6964681683614088,0.24177534668172312,0.4383875681802072,0.024422446113316957,1.0936011835045818,-0.3106354160302029,0.04090777834909087,-0.7819271621239865,0
-0.7052755600910742,0.5317886336015569,-1.0872266623008806,-0.3942564368776657,-0.10559593980392214,-0.7471522341410174,-0.5080741021788256,0.9626313672683074,2.2516844985995563,0.383606902632036,-0.7819271621239865,0
1.824027479883082,-0.6562441571340564,1.2384011665019858,0.44476249022931474,-0.16349115421819677,1.3275424199211256,0.2610875786876025,1.7746442279332673,-0.3106354160302029,1.2403547133394,0.5147611294308644,0
-1.2801171600852006,0.9367998122614247,-0.8849981554484575,0.2769587048079185,-0.14419274941343854,-0.25317731650717384,-0.5376572437506113,-0.2108581862088513,1.8142152448822817,-0.016208742364733426,-0.22620360860047947,0
-0.3603706000945981,0.20777969067366212,-0.3288697616042939,-0.8137659004311559,-0.37577360707053675,-1.1423321682480923,-1.0997369336145395,-1.1171693145639752,-0.9355914927691662,-0.7016069909306244,-0.5966859776161497,0
-0.4753389200934235,0.423785652625592,-0.07608412803876483,-0.47815832958836385,-0.2985799878515042,0.833567502287282,1.2373312505565306,-0.3103952465484432,-0.06065298533461649,-0.7587235116444486,-0.5966859776161497,0
-0.30288644009518567,0.26178118116164456,-1.2894551691533038,-0.3942564368776657,-0.2985799878515042,-0.6483572506142486,-0.8334886594684683,0.045842653614269896,0.31432066070876313,-0.530257428789152,-0.8745477543779041,1
1.8815116398824945,-0.33223521420616187,0.8339441527971394,-0.7298640077204578,1.1295019677006017,2.019107304608507,0.14275501240045976,0.8630943069287156,0.43931187605655636,1.1261216719117513,-0.5040653853622322,0
-1.2801171600852006,0.26178118116164456,-0.22775550817808218,0.025253026675824523,-0.8582337271894916,0.04320763407313233,0.704834702264388,-1.672481335405872,0.9392767374477292,-0.07332526307855772,1.9040700132396329,0
0.3869234798977661,0.045775219209715334,1.0867297863626684,0.36086059751861665,0.10668651304841785,2.51308222224235,1.8881603651358159,0.7792736245374651,-1.435556354160339,-0.3017913459338549,-1.1524095311396585,0
-0.13043396009694783,-1.3042620429898453,0.42948713909229297,-0.22645265145626947,-0.7810401079704588,1.9203123210817379,0.20192129554403115,-0.8971400232870226,-0.24813980835630492,1.982869482619115,1.8114494209857153,1
0.8467967598930677,-1.2502605525018629,0.5811585192316104,-0.6459621150097599,-0.5108624407038441,-1.241127151774861,-1.0997369336145395,-1.001915876276042,-1.0605827081169594,-0.530257428789152,0.9778640907004539,1
-0.7052755600910742,0.3697841621376095,-1.3400122958664096,-0.14255075874557172,-0.18278955902295496,0.833567502287282,-0.27140896960454003,-0.8237969261946856,0.5643030914043495,-0.3017913459338549,0.42214053717694683,0
-1.854958760079327,-0.6022426666460738,-1.3905694225795153,-0.5620602222990617,-0.8582337271894916,0.24079760112666976,1.2373312505565306,-2.6940459020489294,2.3141801062734544,0.383606902632036,2.9228965280327297,1
-0.13043396009694783,4.311892967760326,-1.3905694225795153,-0.5620602222990617,-0.12489434460868222,-1.241127151774861,-1.0109875088991824,-0.1637090523638274,1.439241598838902,-1.0443061152135702,0.42214053717694683,0
-0.015465640098121944,-0.5482411761580914,0.12614437881365825,0.7803700610721068,-0.18278955902295496,-0.8459472176677861,-0.3601583943198971,0.6116322597550221,0.31432066070876313,-0.3017913459338549,0.051658168161274894,0
0.90428091989248,1.1258050289693633,0.025030125387446853,0.10915491938652265,-0.20208796382771316,0.5371825517069759,0.9119166932668878,0.6744977715484455,-0.1856442006824097,-0.8729565530720973,-0.5966859776161497,0
0.4444076398971786,1.2338080099453284,2.0473151939116785,-0.6459621150097599,6.282176050571038,0.24079760112666976,0.5273358528336738,-0.10084354057040402,-2.5604772922904777,3.8105981454614914,-1.245030123393576,0
-0.5903072400922489,-0.8182486285980034,-0.3288697616042939,-0.3942564368776657,-0.16349115421819677,-0.8459472176677861,-0.3305752527481114,-0.32087283184735677,0.1268338376870747,-1.1014226359273944,-0.8745477543779041,0
-0.8202438800898991,-0.49423968567010895,-1.3905694225795153,-0.8976677931418541,-0.35647520226577856,1.6239273705014319,-0.24182582803275432,-1.2219451675529949,0.06433823001317672,-0.4731409080753278,0.8852434984465364,0
-0.5328230800928359,0.5587893788455481,-0.8849981554484575,-0.0586488660348736,-0.16349115421819677,0.04320763407313233,-0.3897415358916828,0.33921504198355956,1.6892240295344885,0.15514081977673883,0.3295199449230293,1
4.180878039859,0.8287968312854604,2.4517722076165245,1.0320757392042013,0.22247694187696707,-0.9447422011945549,-0.09391012017382583,3.398669949263303,-2.2479992539209936,0.09802429906291517,0.7000023139386996,1
-0.417854760094011,-0.11622925225423204,-0.6322125218829285,0.2769587048079185,0.41546098992454883,1.7227223540282004,0.7935841269797451,-0.6352003908144155,-0.8730958850952709,-0.1875583045062063,-0.22620360860047947,0
2.053964119880733,0.8827983217734423,1.2889582932150916,0.7803700610721068,0.7628322764101962,-0.8459472176677861,-0.7447392347531112,1.303152889482621,-0.8730958850952709,1.0118886304841026,1.6262082364778785,1
-0.5903072400922489,0.6397916145775218,-1.3905694225795153,-1.06547157856325,-0.45296722628956954,-0.055587349453636394,-0.7447392347531112,-1.1066917292650618,0.5018074837304544,-1.1014226359273944,-0.4114447931083146,1
-0.2454022800957727,0.20777969067366212,0.17670150552676409,-0.3942564368776657,-0.18278955902295496,-0.54956226708748,0.9710829764104593,0.03012627566592859,-0.1231485930085117,0.15514081977673883,-0.8745477543779041,0
-0.417854760094011,-0.9802531000619508,1.6428581802068318,0.10915491938652265,-0.2985799878515042,0.7347725187605133,-0.06432697860204013,-0.07988836997257685,0.43931187605655636,0.7263060269149818,0.607381721684782,0
0.3294393198983537,-0.5482411761580914,0.8845012795102452,-0.47815832958836385,-0.7038464887514261,-0.9447422011945549,-0.8926549426120397,-1.001915876276042,0.2518250530348679,0.21225734049056313,1.9040700132396329,0
-0.8202438800898991,-0.9262516095739683,-0.12664125475187066,-0.0586488660348736,0.18388013226745067,-1.0435371847213235,-0.8926549426120397,-0.1637090523638274,0.6267986990782476,-0.3589078666476792,-0.31882420085439706,0
0.15698683990011536,1.0448027932373896,-0.1771983814649765,3.465230627814444,0.5505498235578542,1.5251323869746631,2.5981557628586724,2.455687272362011,0.06433823001317672,2.3255686069020607,-1.0597889388857393,0
2.1114482798801455,-0.8182486285980034,1.440629673354409,-0.31035454416696756,0.08738810824365964,-0.9447422011945549,-0.6559898100377541,1.329346852729876,-1.0605827081169594,0.26937386120438744,0.42214053717694683,0
-1.1651488400863752,-0.11622925225423204,-0.7333267753091401,-0.14255075874557172,-0.24068477343722958,1.3275424199211256,-0.18265954488918293,-0.5094693672276269,0.6892943067521428,0.4978399440596846,0.5147611294308644,0
1.1342175598901307,-1.1422575715258978,0.8845012795102452,3.2974268423930484,-0.2985799878515042,-1.0435371847213235,-0.9814043673273968,0.46494606557040635,-0.49812223905189135,0.897655589056454,1.9966906054935505,1
-0.8202438800898991,-0.4402381951821265,-0.8344410287353518,-0.0586488660348736,-0.8775321319942498,-0.9447422011945549,-1.0109875088991824,-1.6620037501069584,-0.06065298533461649,-0.07332526307855772,0.8852434984465364,0
-0.7052755600910742,-1.1962590620138804,0.12614437881365825,-0.22645265145626947,-0.6845480839466679,2.019107304608507,2.3910737718561728,-0.11132112586925946,-2.3104948615948917,5.466977246162394,-0.8745477543779041,0
-1.797474600079914,-1.034254590549933,-1.3905694225795153,-0.5620602222990617,-0.7424432983609424,1.1299524528675882,0.49775271126188814,-2.67832952410053,2.3141801062734544,0.7263060269149818,3.2933788970484015,0
-1.1076646800869623,-0.008226271278267125,-0.9355552821615634,1.199879524625597,0.6663402523864053,-0.1543823329804051,-0.44890781903525423,0.045842653614269896,1.1892591681433156,0.04090777834909087,0.5147611294308644,0
0.9617650798918925,-1.1962590620138804,0.9856155329364565,0.10915491938652265,-0.06699913019440573,-0.1543823329804051,-0.3897415358916828,1.5388985587079733,0.31432066070876313,0.7834225476288061,0.051658168161274894,1
1.1917017198895432,0.0997767096976978,-0.22775550817808218,0.19305681209722075,0.048791298634143235,0.24079760112666976,0.054005587685102656,1.4079287424716407,-0.5606178467257865,-0.13044178379238203,-0.13358301634656025,0
0.27195515989894126,0.9097990670174335,-1.3905694225795153,-0.6459621150097599,-0.37577360707053675,-0.7471522341410174,-0.8039055178966826,0.15585729925271719,0.0018426223392815047,-0.7587235116444486,-0.4114447931083146,0
-0.0729498000975354,-1.1962590620138804,0.6317156459447163,-0.22645265145626947,-0.5880560599228789,-0.9447422011945549,-1.070153792042754,-0.7085434879067524,0.0018426223392815047,0.09802429906291517,0.7000023139386996,1
0.3294393198983537,-0.9802531000619508,0.6317156459447163,0.9481738464935031,0.41546098992454883,-0.35197230003394253,-0.6559898100377541,-0.6404391834639014,-0.49812223905189135,0.21225734049056313,1.4409670519700435,1
-0.7052755600910742,0.855797576529451,-0.986112408874669,-0.31035454416696756,-0.491564035899086,2.611877205769119,0.17233815397224544,-0.33135041714627034,0.6892943067521428,-0.3589078666476792,-0.22620360860047947,0
-1.2226330000857877,-0.49423968567010895,0.5811585192316104,0.025253026675824523,-0.22138636863247138,-0.9447422011945549,-0.9518212257556111,-0.6090064275671606,1.2517547758172107,0.15514081977673883,0.5147611294308644,0
-0.5903072400922489,0.6937931050655043,-1.3905694225795153,-0.3942564368776657,-0.08629753499916394,-0.9447422011945549,-0.6855729516095398,0.8316615510319748,1.8767108525561769,1.6972868790499935,-0.5040653853622322,0
-0.18791812009636027,-0.062227761766249584,-0.12664125475187066,-0.3942564368776657,-0.20208796382771316,0.3395925846534385,0.37942014497474535,-0.3103952465484432,-0.06065298533461649,-1.0443061152135702,-0.22620360860047947,0
1.1917017198895432,-0.062227761766249584,0.8845012795102452,-0.3942564368776657,-0.16349115421819677,-0.9447422011945549,-0.9814043673273968,0.5382891626626851,-0.5606178467257865,0.5549564647735089,0.8852434984465364,0
1.824027479883082,-1.2502605525018629,1.6428581802068318,-0.3942564368776657,-0.41437041668005314,-0.35197230003394253,-0.567240385322397,0.7268856980429552,-1.2480695311386505,1.754403399763818,-0.31882420085439706,0
-1.6825062800810886,1.1258050289693633,-1.3905694225795153,-1.06547157856325,-0.9161289416037681,0.04320763407313233,-0.00516069545846874,-2.1649278444542874,4.376535159512038,-0.4160243873615035,1.9040700132396329,0
1.421638359887194,-0.1702307427422145,0.935058406223351,0.025253026675824523,-0.2985799878515042,-1.0435371847213235,-0.567240385322397,1.7746442279332673,-1.6230431771820302,-0.13044178379238203,-0.8745477543779041,0
-0.6477914000916613,-0.8182486285980034,0.12614437881365825,-0.5620602222990617,-0.2985799878515042,1.5251323869746631,0.704834702264388,0.07203661686152478,0.6892943067521428,-0.4160243873615035,-0.8745477543779041,0
2.283900759878384,-0.1702307427422145,1.0867297863626684,-0.22645265145626947,0.010194489024626822,-1.0435371847213235,-0.9518212257556111,1.827032154427777,-0.7481046697474778,-1.272772198068867,-0.7819271621239865,0
-0.18791812009636027,-0.4402381951821265,-0.22775550817808218,-0.22645265145626947,0.10668651304841785,0.04320763407313233,-0.5080741021788256,-0.26848490535284697,-0.6231134543996846,-0.9871895944997459,-0.22620360860047947,0
-0.4753389200934235,-0.5482411761580914,0.12614437881365825,-0.22645265145626947,-0.5108624407038441,-0.9447422011945549,-1.0109875088991824,-0.9233339865342775,0.814285522099936,0.3264903819182117,0.9778640907004539,1
-0.3603706000945981,0.7207938503094955,-1.3905694225795153,-0.0586488660348736,0.02949289382938503,-0.7471522341410174,-0.8039055178966826,0.3601702125813286,-0.24813980835630492,0.383606902632036,-1.0597889388857393,0
2.8012581998730965,-0.8182486285980034,1.3900725466413033,0.19305681209722075,-0.14419274941343854,-1.0435371847213235,-0.8926549426120397,2.036583860405816,-2.0605124308993052,-0.7016069909306244,-0.9671683466318217,0
-1.2226330000857877,-0.38623670469414406,0.07558725210055241,-0.31035454416696756,-0.279281583046746,1.6239273705014319,1.5331626662743876,-0.4885141966297997,0.1268338376870747,-0.24467482522003062,-0.5966859776161497,0
-0.877728040089312,0.31578267164962703,-0.8849981554484575,-0.6459621150097599,-0.491564035899086,1.8215173375549691,0.20192129554403115,-0.4780366113308861,0.6267986990782476,0.04090777834909087,-0.689306569870069,0
-0.3603706000945981,0.045775219209715334,-0.07608412803876483,-0.47815832958836385,0.010194489024626822,0.7347725187605133,2.9827366032918867,-0.18466422296159643,-0.3106354160302029,-0.4160243873615035,-0.689306569870069,0
0.6168601198954169,-0.1702307427422145,0.3283728856660816,0.9481738464935031,-0.12489434460868222,-1.0435371847213235,-0.9518212257556111,1.041213257010072,-0.1231485930085117,-0.815840032358273,0.23689935266911005,0
-0.6477914000916613,2.529843781656906,-1.3905694225795153,0.44476249022931474,0.2610737514864832,-0.8459472176677861,-0.8926549426120397,-0.4466038554342035,0.7517899144260408,-1.1585391566412184,-0.4114447931083146,0
-0.8202438800898991,-0.1702307427422145,-1.188340915727092,-0.8137659004311559,-0.06699913019440573,0.3395925846534385,0.08358872925688836,-0.4780366113308861,0.2518250530348679,0.6691895062011575,-0.8745477543779041,0
2.5138373998760333,0.3697841621376095,1.0867297863626684,0.2769587048079185,-0.2599831782419878,-1.0435371847213235,-0.8039055178966826,1.4079287424716407,-1.0605827081169594,-0.530257428789152,0.8852434984465364,0
0.7318284398942417,0.045775219209715334,0.7328298993709277,-0.0586488660348736,-0.14419274941343854,0.9323624858140508,0.17233815397224544,0.15061850660328946,-0.6856090620735797,0.26937386120438744,0.8852434984465364,0
-0.2454022800957727,-1.8982784383576516,0.6317156459447163,-0.22645265145626947,-0.7617417031657006,2.216697271662044,0.6160852775490309,-0.37326075834186656,0.1268338376870747,1.5259373169085213,0.7926229061926188,0
-0.5903072400922489,-0.5482411761580914,-0.1771983814649765,0.025253026675824523,-0.20208796382771316,1.1299524528675882,0.6160852775490309,-0.12179871116817305,1.8142152448822817,-0.4160243873615035,0.607381721684782,0
-0.5328230800928359,-0.1702307427422145,0.9856155329364565,-0.3942564368776657,-0.04770072538964779,0.5371825517069759,0.7935841269797451,0.15061850660328946,0.31432066070876313,-0.530257428789152,-1.245030123393576,0
1.1917017198895432,-0.5482411761580914,1.1372869130757741,-0.14255075874557172,-0.39507201187529495,-0.25317731650717384,-0.8039055178966826,-0.37326075834186656,-1.3105651388125459,1.1832381926255755,0.8852434984465364,0
-0.7052755600910742,0.9638005575054159,-1.3905694225795153,-0.47815832958836385,-0.16349115421819677,-0.1543823329804051,-0.3305752527481114,0.25539435959230905,1.0017723451216272,-0.6444904702168001,-0.9671683466318217,0
0.7318284398942417,1.8818258958011171,0.025030125387446853,-0.0586488660348736,-0.04770072538964779,1.4263374034478944,2.9827366032918867,0.6221098450539356,-0.43562663137799335,-0.7587235116444486,-0.9671683466318217,0
-1.2226330000857877,0.9097990670174335,-0.6322125218829285,2.2067022371539733,-0.24068477343722958,-0.25317731650717384,-0.567240385322397,-0.2580073200539334,1.439241598838902,-0.3589078666476792,1.3483464597161259,0
-0.7052755600910742,1.206807264701337,-0.6322125218829285,-0.5620602222990617,0.35756577551027424,0.4383875681802072,1.1189986842693878,-0.409932306888035,-0.7481046697474778,-0.9300730737859215,-0.8745477543779041,0
-0.417854760094011,0.4777871431135744,0.22725863223986992,-0.22645265145626947,-0.12489434460868222,-0.8459472176677861,0.23150443711581684,-0.058933199374749674,0.31432066070876313,-0.815840032358273,-0.9671683466318217,0
2.053964119880733,0.26178118116164456,1.946200940485467,0.025253026675824523,-0.3178783926562624,-0.9447422011945549,-0.27140896960454003,1.303152889482621,-1.6230431771820302,-0.5873739495029757,-0.4114447931083146,0
1.3641541998877806,-0.5482411761580914,0.5811585192316104,-0.22645265145626947,0.33826737070551605,-0.7471522341410174,-0.4193246774634685,0.9888253305155623,-2.622972899964373,-0.9300730737859215,-0.7819271621239865,0
-0.13043396009694783,0.23478043591765335,-0.278312634891188,-0.31035454416696756,-0.22138636863247138,-0.35197230003394253,0.5569189944054596,-0.00654527288023989,-0.1231485930085117,-0.8729565530720973,-1.1524095311396585,0
1.2491858798889557,-0.6022426666460738,1.946200940485467,0.4028115438739659,0.5312514187530959,-0.35197230003394253,-0.5080741021788256,0.15061850660328946,-0.43562663137799335,0.4978399440596846,1.163105275208289,1
-0.5328230800928359,-0.9802531000619508,0.2778157589529757,-0.0586488660348736,-0.39507201187529495,-0.6483572506142486,-0.5968235268941827,-1.0543038027705518,0.31432066070876313,-0.3589078666476792,1.3483464597161259,0
2.3988690798772083,-0.38623670469414406,1.7945295603461493,-0.3942564368776657,-0.3371767974610206,-0.9447422011945549,-0.9222380841838254,1.0936011835045818,-1.9980168232254072,1.1832381926255755,-0.22620360860047947,0
1.8815116398824945,-1.6282709859177398,1.4911868000675144,-0.5620602222990617,-0.279281583046746,-1.241127151774861,-1.1293200751863253,0.7268856980429552,-1.0605827081169594,0.21225734049056313,-0.5040653853622322,0
-0.2454022800957727,0.6937931050655043,-1.3905694225795153,-0.8976677931418541,0.14528332265793426,-0.9447422011945549,-0.9814043673273968,-0.5356633304748818,0.7517899144260408,-0.4731409080753278,-0.8745477543779041,0
-0.6477914000916613,-0.6292434118900652,0.42948713909229297,-0.3942564368776657,-0.14419274941343854,-0.25317731650717384,-0.03474383703025444,0.25539435959230905,1.0642679527955223,-0.13044178379238203,-1.1524095311396585,0
-1.1651488400863752,0.8017960860414691,-1.3400122958664096,1.0320757392042013,0.2803721562912414,1.6239273705014319,0.23150443711581684,-0.4466038554342035,1.2517547758172107,-0.016208742364733426,0.7926229061926188,0
0.27195515989894126,-0.27823372371817945,0.6822727726578218,0.6964681683614088,0.06808970343890143,1.0311574693408194,0.17233815397224544,0.7792736245374651,0.0018426223392815047,-0.7587235116444486,0.051658168161274894,0
-0.30288644009518567,-0.1702307427422145,-0.5310982684567169,-0.7298640077204578,-0.12489434460868222,0.5371825517069759,1.6514952325615304,-0.37326075834186656,0.5018074837304544,-1.0443061152135702,-0.8745477543779041,0
0.9617650798918925,-0.5482411761580914,0.2778157589529757,0.19305681209722075,0.12598491785317606,1.228747436394357,1.2669143921283164,0.8840494775264846,-0.5606178467257865,0.09802429906291517,-0.4114447931083146,0
1.6515749998848437,0.7477945955534867,1.3900725466413033,-0.14255075874557172,-0.08629753499916394,-0.9447422011945549,-0.9814043673273968,1.7222563014387575,-0.8730958850952709,0.26937386120438744,-0.8745477543779041,0
0.09950267990070293,-1.034254590549933,0.6317156459447163,1.8710946663111816,-0.6459512743371515,-1.241127151774861,-1.0997369336145395,0.3496926272824732,0.43931187605655636,-0.016208742364733426,1.0704846829543715,1
-0.015465640098121944,0.15377820018568025,-0.278312634891188,-0.0586488660348736,-0.12489434460868222,-0.54956226708748,1.1781649674129593,0.8316615510319748,0.37681626838266113,-0.24467482522003062,-0.8745477543779041,0
0.3869234798977661,-0.764247138110021,0.6317156459447163,-0.981569685852552,-0.8582337271894916,0.9323624858140508,0.11317187082867405,-1.0123934615749557,-0.6856090620735797,0.9547721097702784,0.42214053717694683,0
-0.7627597200904866,0.855797576529451,-1.3905694225795153,-0.47815832958836385,0.49265460914358167,-1.241127151774861,-1.070153792042754,-0.18466422296159643,0.2518250530348679,-0.3589078666476792,-0.689306569870069,0
0.21447099989952778,0.5047878883575656,-0.5816553951698228,-0.3942564368776657,0.24177534668172312,-0.25317731650717384,0.08358872925688836,-0.26848490535284697,-1.0605827081169594,-0.530257428789152,0.5147611294308644,0
1.019249239891305,2.1788340934850208,-0.278312634891188,0.7803700610721068,0.31896896590075785,-0.4507672835607113,1.1781649674129593,2.246135566383855,0.7517899144260408,-0.13044178379238203,0.7926229061926188,0
-0.5903072400922489,-0.49423968567010895,-0.37942688831739957,-0.7298640077204578,-0.7617417031657006,0.833567502287282,0.5273358528336738,-1.6829589207047275,0.43931187605655636,-0.530257428789152,1.163105275208289,0
-0.0729498000975354,4.311892967760326,-1.3905694225795153,-0.6459621150097599,-0.14419274941343854,-1.241127151774861,-1.0109875088991824,-0.1637090523638274,1.376745991165004,-0.9871895944997459,0.42214053717694683,0
1.0767333998907174,-0.49423968567010895,1.54174392678062,1.367683310046993,0.06808970343890143,-0.4507672835607113,-0.6559898100377541,0.3863641758285835,-0.1231485930085117,1.8686364411914664,1.4409670519700435,1
-0.7052755600910742,0.3697841621376095,-1.3905694225795153,-0.5620602222990617,-0.279281583046746,0.04320763407313233,-0.3601583943198971,0.25539435959230905,1.0017723451216272,0.21225734049056313,-0.5040653853622322,0
-0.4753389200934235,-0.8182486285980034,1.4911868000675144,-0.14255075874557172,0.33826737070551605,-1.0435371847213235,-1.0109875088991824,-0.34706679509461164,0.31432066070876313,-0.6444904702168001,0.8852434984465364,0
-0.417854760094011,-0.27823372371817945,0.17670150552676409,0.2769587048079185,-0.35647520226577856,-1.1423321682480923,-0.9222380841838254,0.11394695805712098,-0.5606178467257865,-0.6444904702168001,-0.13358301634656025,0
0.4444076398971786,-1.3582635334778275,0.935058406223351,5.478876052871198,0.49265460914358167,-1.241127151774861,-1.0997369336145395,1.2036158291430292,-0.810600277421373,-0.3589078666476792,0.42214053717694683,0
0.6168601198954169,-0.5482411761580914,-0.1771983814649765,0.2769587048079185,0.06808970343890143,-0.1543823329804051,-0.03474383703025444,0.6744977715484455,-0.7481046697474778,0.383606902632036,-0.4114447931083146,0
-0.9352122000887245,1.2338080099453284,-1.2894551691533038,-0.5620602222990617,-0.20208796382771316,-0.9447422011945549,-1.0109875088991824,-0.37326075834186656,1.5017372065127972,-0.1875583045062063,-0.45775508923527425,0
-0.6182451460587824,-0.9817640065935411,0.597242593698809,-0.13785578027131584,-0.37847335531871495,0.6812287529438548,-0.1707649453716116,-0.7567186542135547,0.40369266408915994,0.8341468207636529,1.0384272493118387,1
-0.17078313110989862,-1.6968109791851842,0.3789300123791871,-0.6459621150097599,-0.6360236169730307,-0.8673212147100909,-0.9222380841838254,-1.0423651121295183,0.037296757138858654,0.7092806245539423,1.3283082736238598,1
0.23726592864509627,-0.8275553674348575,0.6822727726578218,3.02981098703909,-0.2403511795059181,0.2271866081664502,-0.4636917185373296,-0.4740683509116104,-0.28693353847880154,0.2723358248817783,1.813050468730488,1
2.5930455884654533,-0.09002246089797006,1.6213953605719622,2.7940154861288597,-0.2295790450856974,-0.9206190941188542,-0.20175230028874808,2.7164059309600104,-1.191018984709252,0.23251125293078576,0.28860627980222087,1
0.1311503062532144,-1.4771845714444485,0.4485149665513145,-0.6344141696679308,-0.4929745934065697,-0.8903511006863515,-0.897807800846462,-0.7512196559545505,0.03396531492377308,0.4564460355065413,1.2684738222737175,1
0.10820797353970696,-1.036980552111324,0.6342677381708555,1.921918448926935,-0.6284161884361135,-1.2211787151581217,-1.093763579467374,0.32853654842397306,0.41407396166043653,-0.027741567742650297,1.0938618316215596,1
-0.39418818213217965,0.31737649143161195,-1.3474479084778765,-0.6360986828040439,-0.07438443791344088,-0.308381933657116,-0.8204359726451311,-0.6241147699728993,0.1286783559568052,-0.6629768791824144,-0.01645199638118907,1
0.09528263119954944,-1.3701566664624527,0.39377608732726854,-0.6274838034177463,-0.5584956800548451,-0.9592477499202171,-0.9330969275736679,-0.8244827246363966,-0.07441683826356524,0.4281442450615167,1.3033223509163712,1
-0.45339466414378155,-1.0059766495331157,0.476058490107931,-0.3556127801833326,-0.3858792383754553,-0.8992390629078549,-0.9546199235708729,-1.6732725042127268,0.3758308742732254,-0.02611512037646746,2.136351687478557,1
0.5593759598960044,-0.92803244659919,0.8470002470593183,-0.7515312006806568,-0.8793337658829821,0.4861560515312238,-0.16169166324144796,-0.7988123008903856,-0.532461471228696,0.9585392359706809,0.4012761894945298,1
-0.3462763197346693,0.427355739928996,-0.7209309028097554,-0.330926068541775,-0.32005841102619836,-0.6514431286114373,-0.6617494152951283,0.010531869533405624,1.14839779620693,0.8656633467669765,0.17923444516448994,1
0.14895216544065432,-0.6108688322124003,0.5781300323673308,-0.5603849175729548,-0.3962280302104431,-0.9467148825902981,-1.0121689072034898,-0.8234660450845954,0.24184204230513276,0.13803377236710712,1.153858301694066,1
0.012852097235569765,-1.4380698674287193,0.8120244610570669,-0.35168613463650594,-0.40696254814152777,-1.0420785941565824,-1.040133890530011,-1.4358848761321088,-0.27984894889496115,0.008554858905904489,1.857076000606331,1
-1.7966844705779965,-0.4210005989854107,-0.6183714500955911,-0.281618416125893,-0.7049075281039255,0.14064466384139152,0.8876196803938892,-2.583743224046233,1.8090611686953195,0.9774746391177463,3.0239693956282294,1
-0.22046530772027245,-1.2754466631279515,0.5205104491773626,-0.19569428926731794,-0.6446542896386729,-1.017178514311968,-1.091844100896442,-0.7584774475589794,0.2080401497791491,0.014268828270559059,0.6320930539527694,1
0.051291322459497066,-1.4143936290610675,0.3283728856660816,-0.07549033303253623,-0.34028983412094055,-0.051693095731736735,-0.13187131432618907,-0.5028232162298986,0.3541904421436103,0.7514871994568302,0.8815926239462978,1
0.4880170368080423,-1.2461638197106162,0.3322083175581492,-0.4197167441402641,-0.45616117772187875,-0.37445704878628644,-0.619673841739332,-0.7513199105730302,-0.320117665610833,1.0075555811327646,1.1279727433094004,1
-0.43651202687794555,0.4787528624617531,-0.8915139438798441,-0.04783561343454169,-0.1361322507280767,0.09413831408552081,-0.3287388629474411,0.35541922133897363,1.4959180326309165,0.28028056198046447,0.30564611257726,1
0.9102408274345393,-1.4178638513722652,1.281252752580731,-0.5211314825575092,-0.16984403108199334,2.3209206151075175,0.6830113358335942,-1.1223129999136785,-1.9004663805837074,0.0025935486357096527,1.1727080973827775,1
-0.14061829523734315,-0.06906638681352767,0.4512491052494918,-0.06396143777891745,-0.25534217178889645,-0.7621594582442364,-0.8675655599275637,-2.1047764912673763,-0.6761158109352274,0.30046192189676973,2.3753776621346954,1
1.0448119462713383,-1.0642420875231355,0.9730043330198365,-0.356945994346809,-0.6770550589945423,-1.0709680411912563,-1.0997369336145395,-1.101169005588338,-0.7376655931718228,0.05998891878947857,1.4564381145136094,1
0.5358794561939728,-0.6854930038207521,1.2163329290836502,1.5850943036485226,0.11009500022412978,-1.0282485097475829,-0.9957854191773228,-0.6385048956442554,-0.6680009565088172,-0.5596082829026356,1.6666372195426238,1
3.5850477069271536,-1.638056010417366,1.0914135180567617,-0.22645265145626947,-0.27051316472596265,-0.6214376268557232,-0.629086888608413,1.6198179380397613,-1.7140193834020157,0.9911119152680709,-1.05133448432221,1
-0.04882536614830166,0.1851168320626849,-0.70398700767488,-0.3590452470658011,-0.27952572009460086,-0.6605738612255536,-0.5551994446949944,-0.014961814128222672,0.5164728113576642,1.3503609209063443,0.08367407666553384,1
1.4412836101516167,-1.0192681579669212,1.26808596746052,0.04853738507655819,-0.3485079260810724,-0.9925532480057877,-0.8773883272040419,0.2770225243732164,-1.1077417081555834,-0.0674301761550477,0.40960642480915277,1
0.6806344613357663,-1.1138507160462394,0.7781213274735079,3.076748772291168,-0.2985799878515042,-0.9395972825519676,-0.9814043673273968,0.18385386455371802,-0.2679966303910307,0.2967459716526186,1.7530806833578891,1
0.003490856500160039,-1.2857322348695768,0.5307365426164588,-0.14210218305483907,-0.34343763640905084,2.1157894858351303,0.3392114957726372,-0.6180925273413164,0.37598094722736974,1.2213667680254856,1.3803754329079152,1
-0.441565722756443,0.010531874250845064,-1.2284711862086157,-0.48100421695054846,-0.32185847826397407,-0.5462112175940491,-0.7825110280145714,-0.1536646708735579,0.3789360710989639,-0.40230737938156363,-0.7947459117388351,1
0.1592031362828893,-1.1090238682781952,0.5500445530974022,0.5190006294805733,-0.5101183925214838,-0.6255510288698046,-0.8551021372917327,-0.9962807517847161,-0.04863576625515101,0.3286925040029042,1.2984876695221725,1
1.1248203675844632,-1.1246018419853276,0.9010308779996345,3.3077137051647227,-0.27965120943900423,-1.039499570450515,-0.9741502349622714,0.48635628621941496,-0.4879058030184318,0.897655589056454,1.962623126504756,1
-0.12072286990179669,-1.2677710621835325,0.4551097532623708,-0.18393073684540223,-0.6962754999154751,1.820172700441889,0.1769331461075192,-0.8723595818206189,-0.19535131123569027,1.8574327032388327,1.8114494209857153,1
2.3602660501373984,-0.9104174846915963,2.0664422488347856,-0.41344670534184064,-0.3125020435189288,-0.47684562595310737,-0.400933595457341,0.9390498655870482,-2.6158258175187545,0.6748860368765917,-0.41606356223463137,1
0.8671473578925437,0.3592340556624676,0.652751651096632,0.5234571876879731,-0.09876389984340424,0.41476831655967006,0.24327046335746233,1.2155382017919605,0.3657538906031349,0.36036586813019933,0.8139159318118028,1
1.9672812789523868,0.7606515614334322,1.3113810194097366,0.8324662343652677,0.7012068498787463,-0.8108937562225423,-0.736866935911378,1.2218314076616361,-0.8065736601029327,1.087884332084656,1.6097768740558753,1
-0.42679635808131533,-1.3862069565828157,0.3649669037943554,-0.15267233665971588,-0.7238186593651504,-1.1184957304518497,-1.1221824990795157,-0.828320452608178,0.4964501827590325,-0.10288057887019121,0.5371078610876742,1
0.6613843969115892,-1.0014331499120277,0.8374106754151427,-0.6073019042509105,-0.43083178398544436,-1.0590366285857493,-1.0043179489186436,-1.0453665158899361,-0.8590061643369176,-0.21444046820317286,1.404640114632671,1
0.2363723984526042,-1.077113752706075,0.671841132711194,2.6701759047881723,-0.3702543970594916,-0.9274861629114549,-1.0058203657379228,0.01706438071180104,0.04250662358846085,-0.19753456881489126,1.438033888220473,1
0.27688966409356774,-0.9462990328593943,1.1004540380302281,-0.47037142990087216,-0.18252059825408748,-0.8819352525893291,-0.9357599300909194,-1.199264194571875,-0.5092871227822583,0.00950003032891894,1.8703311229691078,1
0.27234803778810457,-0.8193558549153841,0.6568214419056471,2.03144384892426,0.10879684508952281,0.285806173058497,-0.3915612208264735,-0.6898675685384207,-0.4670879996336029,0.4107988846379849,1.7169297708289837,1
-0.08665521292898254,-0.737154125985084,0.6076079163307837,-0.09059783900353913,-0.3206258867052364,-0.6789446884196129,-0.8017996571729402,-1.594604522884087,0.09103053622836044,0.5236551345688434,2.204014455096364,1
-0.9216532480694545,-1.1380117432345151,0.8120815556087319,-0.05535050309569775,-0.527884860743418,0.8219159756632719,-0.3566694645246699,-0.9735465723058572,-0.10840757659852764,0.7766864296801895,1.0886902513286287,1
-0.6940837626022274,-0.7851154295379982,0.06484984747955136,-0.008406667703405951,-0.25548630909154535,0.616451537048665,-0.27734304017144185,-0.79341501762575,0.40225668119379465,0.5433311048531968,1.3849578229997883,1
0.4497591689079897,0.21908730831859236,-0.37118666740939876,0.24379205786620928,-0.008656132656235244,0.47514914307077,0.1936674838218563,0.7183619171422466,0.2590932191829283,0.8073261452430237,0.4544555371404313,1
-0.8589286429935279,0.2672164662025968,-1.0830931605627006,2.927520583916732,-0.5037025023585204,-0.4588446657752646,-0.8334886594684683,-0.24107251395444648,0.6063603775403504,-0.3739962643848538,0.3598102247678752,1
0.9611114270977696,-1.1826051765583294,0.4428450275819755,-0.7404710004369898,-0.3038983342253022,-0.5234592731262249,-0.503997770603869,-0.11130708279008761,-0.4830313156344957,0.998096604579531,0.6882930912299141,1
-0.015465640098121944,-1.0968020976579518,0.7208285071524767,-0.13591180338453682,-0.34425891069965187,-0.5858179715264705,-0.7204829878469295,-1.2773490837900916,0.40469598416876923,0.6120729854873332,2.0746535074947197,1
1.3571321694543113,-0.927480286171906,1.3229254809284552,0.09890580651706044,-0.31286303609044513,-1.0375029886836136,-0.894461820545342,0.25859410726362025,-1.0209897257427336,-0.06983670251934926,0.5600177439542124,1
-0.8653677278772978,-0.30145665269034827,-0.6781533653637613,-0.1980322184078961,-0.33510201452444205,-0.14376082575664,-0.6132053482205864,-1.5525677996465599,0.28744490144788903,0.2948618060670223,1.6219797239537082,1
-0.8015279204080397,-1.3373326939861512,0.4169463835610441,0.9006958203512427,-1.3336624471202458,2.047826816664037,2.6128340952016282,-2.925405248102815,-0.6134246356741051,-1.4255254982338412,1.2708037886699972,1
-0.5472941603291234,0.5791809067483311,-1.0122708227691561,-0.312106727415532,-0.23636395022796658,0.01833695433156219,-0.4791087665161476,-0.024777976286933345,1.390303420650214,-0.1611868536147999,0.14298925235622728,1
0.22507803569946463,-0.4476286949354853,0.21943290438197643,0.2769587048079185,-0.28054748444419375,-0.6042515202904476,-0.6031617810136903,-0.1888424037205313,0.10377033122050744,0.16737816183954476,0.8025449905152058,1
-0.9926963600881374,1.3718853710355314,-1.2494821427074352,-0.1952451721425334,-0.5566373311560566,1.7273406852533841,0.08497164103623986,-0.9524878739525511,1.091832359464314,-0.3482278502472497,1.5830984205239762,1
0.9894660304211946,-0.8702940135016517,1.1391182528591344,3.455882588663015,-0.007006767142222592,-0.9813429864869568,-0.8696638898883302,0.7947426776225268,-0.34075132511699974,0.897655589056454,1.4719253853751186,1
-0.13399269287931775,-0.5036890116863222,0.5243416053277994,-0.056051764362903975,-0.29678789766978664,-0.6992837938007296,-0.8200706648431834,-1.8006018238096586,-0.14055901102688195,0.46486171751814653,2.280286343367025,1
0.23116850265489167,-1.337648722153788,0.34033012860345446,-0.5338600998031588,-0.5154266976060159,-0.680740606287946,-0.7867194065257501,-0.7874080724751319,-0.15608258545391507,0.6587630158387945,1.2203683983112366,1
-0.1393688266808005,-0.5319594863355919,0.42162895377569165,-0.12950973635765636,-0.4898653398417247,-0.8929395019174012,-0.9394671720303411,-1.9935881038393621,-0.5242206874848677,0.3054193183821125,2.2547795680381357,1
2.389509943227532,-0.9302979719146991,1.7181092951870256,2.173094876081235,-0.43366882148481134,-0.9521449653994576,-0.2895255627804135,2.213374925262534,-0.6277962857635511,-0.17471898453402415,1.869369445432543,1
-0.7319823061332347,-1.1831684087228251,0.7318070025610321,-0.10102419854494313,-0.5935151502997901,1.1080021518654468,-0.21821693754449017,-0.9597935473890222,-0.15471250736181152,1.08631775688025,1.2575998131253936,1
0.9981622088487644,-1.200220957277811,0.37522081770562205,-0.716013952031005,-0.2684783058290018,-0.6338607849131057,-0.5387424481350304,-0.02604709579253668,-0.4310415532658479,0.9568673266880287,0.7169904138261887,1
3.400639308909489,-1.6408501681520418,0.8977565857084888,-0.289992463717975,-0.2648548085816149,-0.54956226708748,-0.6783934436251886,1.4244463866085926,-1.6400377639593273,0.752358871194027,-0.9887435160962706,1
-1.772946156618322,-0.1542203936769989,-0.9938554631321399,-0.34670521290922673,-0.8031676908866647,-0.01343161180782182,1.2414743327811515,-2.4399365150533265,1.47507038247914,1.3385895592321073,2.737048410156305,1
0.4843332878922809,-1.3783111022187682,1.1829974695007852,-0.12019527866315716,-0.3055720143188271,-0.9758013174277883,-0.8489892142507418,-0.27946469832158743,-0.6659617249971566,2.650311468707287,1.2468469568185925,1
0.24388434785019536,-0.8772949133206507,0.6822727726578218,3.0008309394190333,-0.25146075586476996,0.022441525446995736,-0.5624670218123226,-0.3968630249048245,-0.24376107530973312,0.17369445716639242,1.7597312668349365,1
-0.3408586037205428,-0.1439760693596867,-0.20502559056546998,-0.3834789080964772,-0.48377405061173195,-1.083416722741386,-0.9556212968794802,-0.6169389322630876,0.7558038179784046,0.8609713781294646,0.5445048296769744,1
0.3910462503714992,-0.3997701390879795,1.2672850573854777,1.3737007633064913,0.2024786183687956,-1.1775988092057978,-1.0479603985547705,-0.503871953848048,-0.6365090143483106,-0.45887343420091714,1.5732929848772959,1
0.02839121949913856,-1.5131459337071649,0.42948713909229297,-0.36554209639238083,-0.6104151506081517,2.90298427118365,0.5942559719379445,-0.5960712520772464,0.4425461902126645,1.5410031206676773,1.094915506987682,1
0.6168601198954169,-1.336546931246481,1.359846877465145,0.09820831782402004,-0.22516313590251358,-0.9447422011945549,-0.8473153090431375,-0.21951448077333238,-0.8316559018194816,2.107666943967091,1.3110992551994707,1
0.5314995334438504,-1.1275373868248568,0.7496565477692775,-0.7120472295238058,-0.5745994072011389,0.1719084987671955,-0.35748544043664066,-0.8847530601272194,-0.6893735456801882,1.228225876336502,0.7421282915893084,1
-0.10170119266578635,-1.2419472472772943,1.3045080319168705,-0.49429017227047173,-0.025437664073537314,1.6277136348520191,1.2111397976465046,-0.12180889552832506,0.10761220796803198,0.6516223098354574,0.17634550571572521,1
-0.9341617745097573,-1.0536417119977557,-0.5159184108611368,-0.7077386608963567,-0.5064786465449863,-0.055587349453636394,-0.5264959929406946,-1.086235846408982,0.24130084901188587,0.3415522927923414,0.0428308811437465,1
2.448276808265578,-1.1832525668633649,2.2434552482281074,-0.2112965481135715,-0.30354673496991813,-0.9368104665793029,-0.5116367166910684,1.054882606649945,-2.651600741687998,0.9010947800073223,-0.5855319402636385,1
-1.895869278930709,-0.3413513416968142,-1.3742860253934752,-0.4184467505474115,-0.7437464232708413,-0.3068102303660283,-0.2664149650371581,-2.395923370470327,2.2198674648840306,0.6246838366710886,2.8459114510139765,1
-0.496358346895597,0.495987587383651,-0.9812099885950794,-0.16509419401636366,-0.13084628034476753,-0.04035237539883449,-0.48357098078244354,0.1531160214980518,1.34564516562872,-0.0018624483529559865,0.2707666260062375,1
1.9568152806504115,-0.49707605079778056,1.4223020455895246,-0.841243548136625,-0.013058964592772726,0.668332630747222,-0.14338800278353303,0.4454961462188734,-2.015201460563228,0.4053123903783693,-0.322067393040382,1
2.357562526592997,-1.2612535291439606,1.412173371214008,-0.06216460246794536,-0.062491455905206536,-0.3756360957143698,-0.5293317427821123,1.5839147912309464,-1.218131102321189,3.6330874971808775,-0.5301313401440048,1
-0.4421789151183406,0.2558694911538264,-1.2791314083345342,-0.5161353805685132,0.058500847463361594,-0.21137267858681785,-0.7751948143303076,-0.5690038620960993,0.16696169172128916,-0.49358343694469897,0.13277359290941748,1
-0.2632392901440999,-0.19044727070359813,-0.24531771768522903,-0.17396109473206264,-0.2834149376401907,1.0834710915555583,0.1713903772040536,0.36543541653204675,0.04094176097897187,0.41413902286297033,-0.18559454721860077,1
0.044163079011486944,-1.3062766742968241,0.46004833594395633,-0.5113425010585055,-0.5487392855467763,-0.9447422011945549,-0.9697038917978568,-0.7512356027598716,-0.04059828976840678,0.3307520691322489,1.0773954679397313,1
0.8980560973675673,-1.2076441293668194,0.3682711159746912,-0.659108279245672,-0.3047384248422428,-0.5858707785879774,-0.5563681750376613,-0.16836784139571592,-0.40927488826125524,0.9668139150874322,0.7976377376604409,1
-0.017256617818308784,-0.5743165620252212,0.5296562971648551,-0.5194557636521184,-0.7417217845448063,1.0326964986522373,0.05455860348057118,-0.23016483545309735,-0.24755567400892325,0.38218328379785205,-0.0421166997550787,1
-0.3278691388332482,0.29463795693420447,-1.298244049190855,-0.4525986503616176,-0.3119993710935626,-0.5968335200358146,-0.8257745339046163,-0.054335966976262695,0.33061706937840435,-0.5799032731391212,-0.8342947115702124,1
0.21447099989952778,-0.17824597700243944,-0.3653094488052375,0.160445793013446,-0.21034118804830965,-0.09224675133062421,-0.2500865469238686,0.1272912891802187,0.15576264564439538,0.5432461904068692,0.442761516455318,1
-0.44780669243105137,-1.011943395114712,0.5493613962882017,0.4065659607469503,-0.36063932815072636,0.2922744020725834,-0.27140896960454003,-0.3378288903647584,0.2518250530348679,0.8244567660532816,1.8014567866310707,1
2.5953924457150688,0.8690516739599917,1.584964814690898,0.8444443908482026,0.6252791383241151,-0.8710965206223108,-0.5790638331296614,1.8365888140760984,-1.223092009609283,0.7792548457533394,1.3904327698227172,1
3.2661019796561876,0.6139582100279652,2.164435604242023,2.0334573744873254,0.03601985143271379,-0.8885930154267198,-0.11072341627868615,3.100928170103478,-1.8217738696325831,0.2603324455642989,0.06832196077788943,1
2.00144058180004,-0.7435785585864153,1.946200940485467,0.4394103757907389,0.14401632379829488,-0.35197230003394253,-0.48226518676641233,1.3389292398106625,-0.762761026118802,-0.10011498841862086,0.43586901376676274,1
2.228756548844292,-1.1736389431133207,2.049373171210871,0.10915491938652265,-0.010925639745341692,-0.7604997943689641,-0.638397037301476,1.0808672540058843,-0.7742828004540887,0.41757347666768824,0.3820869298479688,1
-1.8864411568016188,-0.5042077407694454,-1.1886490482500918,-0.2798912522893754,-0.7810401079704588,0.04320763407313233,0.3813391421531727,-2.6565031197627227,2.1159191005610123,0.7310553883889177,3.1476536752878777,1
-1.854958760079327,-0.026714519543500903,-1.3905694225795153,-0.6162539013812558,-0.8582337271894916,-0.014455931741375994,1.1991147281685905,-2.331976466972428,1.8297762202246703,1.158350358004621,2.504119865958682,1
0.30476587128872235,-1.0729675452525806,0.6317156459447163,0.66007374544732,0.4071776958970649,-0.5639970516317755,-0.7575716194670457,-0.49427995840232597,-0.28352647363959965,0.432898189160371,1.3614575167104515,1
1.9633913245496097,-0.4831763715266883,1.429531556394895,-0.8436430897220679,-0.02520125499938841,0.6711581054027587,-0.14254194346191187,0.45523484849236223,-2.0330748129604275,0.39224441660655435,-0.3061740474481948,1
1.0573544099923016,-0.5066190289587672,1.5485614295353005,1.3608949331529816,0.13731199730978627,-0.4587606382008721,-0.6615747082940004,0.3845980804410082,-0.1265195438925679,1.8755682598361954,1.4147387734630334,1
-0.09229189705863117,-0.9215738767854069,0.48150405717525613,-0.39667902824819173,-0.5320145200403298,-1.0226371416495024,-1.0576371862196945,-0.8257109247672755,0.37501176415808235,0.04255696629617167,0.9075116872202791,1
-1.8276851943747283,0.1414600225252381,-1.2586408679145729,-0.5464432308680772,-0.8399213325596705,-0.10750869901707356,1.1992187087065986,-2.2354032103271555,1.5345815491745554,1.5017564238379673,2.42103295524921,1
0.14426044060456233,-0.30571574985344974,0.12614437881365825,0.22572025222215847,-0.4415257789194424,-0.5897846579108663,-0.5858339685035042,-0.24102555642780724,0.1968043699336772,0.06997508187772852,0.7282837726242096,1
-0.17510644638181577,-1.15945971764456,1.8386559844487176,4.622234210886749,-0.6598450470705312,1.9785283281782582,6.066595478392703,-1.689707241147371,-1.6533060376654443,-0.645956216144597,1.7613025407398284,1
1.856022692119073,0.5175410137038934,1.4506122017351337,0.6875066258498288,0.7058731747235197,-0.7244502690476414,-0.6865296163573215,1.0196781507845796,-0.7654969412129033,0.8854543832921125,1.5123044841158715,1
2.1945779838045443,-0.8896041863853297,2.232435316811906,1.6672887441949853,-0.43366882148481134,-0.8776962449162589,-0.25608620747201344,2.0159856471304005,-0.5807016068532508,-0.3038425007430483,2.218348934954493,1
-1.7614397374028605,-0.3826097010795507,-0.9381962481652899,-0.289065957197497,-0.7954418917839035,0.08007140620870637,1.2613951534431798,-2.5875107346683555,1.6024762723988577,1.0805138239332557,2.8977829800356756,1
0.9456257495526644,-0.7097775822355763,1.512916741642722,1.0567229947178292,0.0020671197588852247,-0.5915971460340611,-0.7150278851960695,0.22954095604309907,-0.37258933438230823,1.7546509324346733,1.361750001850579,1
0.42910167481432465,-0.47484480741889673,1.253897209910997,1.4292451452491801,0.1782045040170877,-1.1383565028281293,-1.0342512427418544,-0.5392472237313988,-0.6447836307847924,-0.48534186318968475,1.5978195045335262,1
-0.17419004591682075,-1.7401020689210838,0.36849152536251617,-0.6156465980751613,-0.6473193155132506,-0.7847528686272343,-0.8855900474832696,-1.0858014915550664,0.025627984887607314,0.8070081466796366,1.3292231646917614,1
-1.0477064769384041,-1.0792750319784965,-0.9680063833302254,-0.8707407406607319,-0.3996043888236429,-0.07936742419643507,-0.5613929063180414,-1.0661147746004367,0.6391517398413709,0.14809992694613067,-0.374288307898657,1
1.6318487669267419,0.10387740936873746,1.633689547419709,0.5823363185724251,0.6413654789625992,-0.5868517472068067,-0.6206056772037442,0.6986354787910869,-0.6436382789337594,0.742264239660867,1.3833054587482663,1
-0.6979622981543108,-1.0148997709698897,0.4166231602004785,-0.3554617990176768,-0.38224163631859837,0.42581865193307333,-0.5345815357032861,-1.1817332756541428,-0.3073866359272044,0.4466617291869909,0.9612658927963583,1
2.0630806735260627,-0.5306369285572842,1.946200940485467,0.568583002565815,0.3873209059327373,-0.5547849798441793,-0.6756683300665558,1.7425655513254772,-1.0068971727978735,1.0569274860897773,-0.04749083584567487,1
-1.0055772844449111,1.5024627056869613,-1.1879187576768306,-0.14255075874557172,-0.4368651577550126,1.546445200043082,0.01423203523248337,-0.7929511188751309,1.2792406871205655,-0.49138486535644044,1.61505773398896,1
-0.8103495462282639,0.2292644860211213,-1.0051426973014617,-0.3094549476730032,0.36274972903695346,0.4213827002152132,-0.5128488443868858,-0.6954730965440579,0.62880893368924,-0.07148805225571819,0.49782593647138745,1
0.3294393198983537,-0.9588207526698797,0.6517809791988304,0.9584198002208395,0.4101584424900565,-0.37911781240869646,-0.6686340569613147,-0.634521474883228,-0.5019381667008446,0.19307617155823686,1.4437947185213342,1
0.8965497099985887,0.08619033232432216,1.3687944810601336,0.031624787513899855,0.06143312896512616,1.3067524119119462,0.20018920611776858,0.3298308835464422,-0.5968108196363153,0.5165476396248176,1.0580278733007404,1
-1.7399904400805015,-0.33223521420616187,-0.8344410287353518,-0.22645265145626947,-0.7810401079704588,0.04320763407313233,1.2669143921283164,-2.5630760858125967,1.439241598838902,1.2403547133394,2.917248896989915,1
0.7430194682740023,-1.110989181886952,0.724585604203982,-0.6243235796852495,-0.4660684222944011,-1.1392091295772133,-1.0463299027049,-1.026235666098776,-0.9477581508380342,-0.3534912828323584,1.2167352165490748,1
2.199858244619143,-0.8907064879359038,2.218503401563359,1.6809898751223529,-0.43366882148481134,-0.8797128904300477,-0.25699200310461795,2.0213324710869656,-0.5819772939615231,-0.3003448400982783,2.208895878980112,1
0.31039155373559957,-1.051828140091468,0.6317156459447163,0.725762158406601,0.40906633264784925,-0.5156542381791873,-0.7344104063237271,-0.5276050683165158,-0.33245549243038414,0.3825908580262343,1.3795861295341427,1
0.8061991404851665,-1.2731433636099618,0.5668763309649528,-0.6459621150097599,-0.5204029559591046,-1.171354171867516,-1.062129891598432,-1.0337345474928954,-1.0605827081169594,-0.5221898332293768,0.9647816152717537,1
0.19551782157194897,-1.0643206166210863,0.6598639780759767,2.431656192490613,-0.4525478319234319,-1.021105628400352,-1.0338537516707473,0.11635139916976586,0.16094999342309857,-0.14341017961080887,1.328323227434146,1
-0.015465640098121944,-1.1499919554643532,0.646132613853881,-0.09459137220159458,-0.2682254976823653,-0.1965775206952829,-0.38539009663810075,-1.230908592939724,0.18924889937883488,0.6120729854873332,1.9834249860703546,1
-0.1856103412127435,-1.0148276016563231,0.4901662607926812,-0.22645265145626947,-0.5664434603775764,-0.9447422011945549,-1.0535884697129692,-0.7686803370393274,0.22930964906500267,0.1619900258728565,0.7777978023592917,1
2.4431027347672307,-1.2336022375408255,2.039775751036233,-0.20711267226788171,-0.2733942058000684,-0.8081045499859166,-0.5080741021788256,1.1619711297341442,-2.3541378857324315,1.6086067184818371,-0.5966859776161497,1
0.7285241794343912,0.5119815633113222,0.49605096876115734,0.5497929775559904,-0.1669599213935845,0.3339137270741944,0.20788655247020962,0.9010182562318315,0.33005861747183735,0.22664070864887906,0.9258917823940817,1
-0.18958299305392515,-1.0866920741674566,0.4949443077694557,-0.3966864278919552,-0.496692676806739,-1.0115592998928091,-1.070153792042754,-1.1230866845713925,-0.16722568607428073,-0.4427829455805752,0.7000023139386996,1
0.2510258075805616,-1.0217035934816556,1.832226754556652,1.0784414883509013,3.017540314948184,-0.7913512690525473,-0.8939533425353531,0.3111136917781162,-0.2667793886722926,2.1639900851880336,0.32342228776981996,1
0.7928124097012813,-1.143079515110175,0.6278680571498689,-0.7711764288999359,-0.4310251944505493,-0.16190100534803714,-0.4065593568679099,-0.4449054079950011,-0.6202597629566022,1.123513601801127,0.6543968955927716,1
0.5593759598960044,-0.9246120665228151,0.8461996923553387,-0.7502026430815769,-0.8851398542676134,0.4892848206656234,-0.1593494689076816,-0.7964895754825555,-0.526523892578076,0.9513038723643785,0.3968763438762245,1
-0.5639020464637173,0.5963820966857523,-1.3847636026798447,-1.0076614168722147,-0.4019953730924345,-0.08962325607876451,-0.7549309368848538,-1.0417182474254132,0.4515699037125332,-1.0423909170170556,-0.3582635195087926,1
-0.28101137637374196,-0.5085771386924538,-0.037606037085236466,2.2958009668070396,-0.6083792141180469,-0.9333768598337986,-0.9960651919275537,0.10898668586139593,0.5123154872474956,-0.17188894124474705,0.7819678647074806,1
-0.25311138538564015,-0.04994842034525082,-0.9100545513638264,-0.3700397871666723,-0.3375707526396665,-0.5342962476034758,-0.7310254772470764,0.045842653614269896,0.07982481707472774,-0.2664882612245181,-0.8210814888105273,1
0.30536715081697263,-1.0707081408722603,0.6317156459447163,0.6670945999531743,0.4073795556048019,-0.5588301151149095,-0.7550961218818152,-0.49784178517753164,-0.2887560644695267,0.42752128269302253,1.3633951240797604,1
2.4031127737400246,-1.03787854470288,2.1480899411374414,-0.33006324326001474,-0.3148994384901392,-0.6854877486792991,-0.44870915940712,0.9846060589411181,-2.646880540865255,0.7742223319148382,-0.4966058148418132,1
-1.7399904400805015,-0.05204313566333593,-1.0967616849041033,-0.44411928898657366,-0.7209610978622908,-0.5206606719163639,0.3152450311177394,-2.13360057737391,1.536520992735499,1.1218128248594716,2.394268306339572,1
-0.3953742462329859,-0.9690912562054483,0.44266816366044304,0.32258018649037723,-0.5609952249009543,-0.8062087432606437,-0.8074318052522266,-1.002383533309715,-0.08579069999838758,-0.4092161427301112,0.7432941575215122,1
-1.9639690151132803,-0.6022426666460738,-1.3905694225795153,-0.32339882264606007,-0.7850405543385127,0.05344744500647344,-0.05297052252346034,-2.7089478017059494,2.4919506990185583,0.43776344323147853,3.274179190355658,1
0.9395952529419775,-0.17076065043554167,1.657891490466196,0.39321891052493896,0.31859022179267527,-1.0445066435521797,-0.9720271442612228,0.05385268344063826,-1.1206252795500948,-0.15078839895950802,1.3492553302667785,1
0.5936799755091288,-1.3904892452713142,1.1598415159870985,-0.10375944924798142,-0.3052214715194372,-0.8650652264309034,-0.8056538005479877,-0.34171864999157764,-0.6352071005800299,2.445626069475825,1.403618351012923,1
-1.1862024306596413,-0.7676694809751823,0.7449383491324608,-0.3942564368776657,-0.35552233498111674,-0.14812120381653857,-0.6466156564197361,-1.2597247275507393,0.7896466693715947,1.1434208566743713,0.705872141237962,1
-0.47245328205515696,-0.5395665775165566,0.11903823356841481,-0.2298220734757061,-0.5102811862053905,-0.9477178372214987,-1.0097994774329582,-0.916759453939558,0.8130306393445459,0.33795911381144506,0.9685651984791042,1
0.9432348398909397,-0.9962616359382817,1.388407272488729,-0.34292784100861284,-0.043386789896997464,2.2297138921202992,0.6133700010454036,-0.7164559201339565,-1.6374527429173458,0.05179418632162919,1.196012659388435,1
-0.7024374389640071,-0.8798510084202233,0.3016601280470109,-0.3304488614958,-0.6083072699942638,0.11346370945464568,-0.4799515462553429,-1.0318738772052929,-0.4268301668079858,0.5983937053797932,0.8454515304752628,1
-1.7399904400805015,0.0702699417128721,-1.2112732973744111,-0.5391379505309037,-0.6947346297541884,-0.7668077725023754,-0.10019001185426174,-1.9461203624868981,1.5789866544867697,1.070065383413688,2.1635046640572306,1
0.15442832532587414,-1.3066655503290092,0.4594415485307075,-0.35201434629496986,-0.23512935451326833,-0.9132762678833473,-0.9128159341251475,-0.621240291908649,-0.04074830441751866,0.5316807051628283,1.2557258674622083,1
-0.015465640098121944,-1.1529963457551669,0.8055630421899057,-0.1827854314946716,-0.25004914638848197,-0.7194221045113782,-0.8310680816517244,-1.3074207767991841,0.2594954088629798,0.40664872937920293,2.0226876848784485,1
-0.4740854034299355,0.48693883965810303,-1.3496827357215948,-0.7940581785481828,-0.39053900812067643,-0.2952805332167053,-0.7806260639013423,-0.6406514747112143,0.42599507585396906,-0.8704655534479933,-0.5987056897555225,1
0.35327964312253246,-1.2217248790742308,0.4886664232282334,-0.03957037340532382,-0.013367483111876133,-0.6130004087706398,-0.7670985962821777,-0.542025668532354,-0.14551458000063008,0.8609799826223387,1.2120482015858467,1
2.040425292870707,-0.6595112533156999,1.3424431341075087,-0.7940050965638743,-0.44958956870264155,0.49064562078754076,-0.24532874242833438,0.4285371680177334,-1.8435063684667328,0.07450137895922238,0.08980311754398973,1
3.4388652675100153,0.34839196866480826,2.275394436038567,0.8564514919862556,0.28307035115849605,-0.8068764626100445,-0.3003225065547238,2.8138224259377345,-1.811944567606126,0.43676870579369714,0.4415032302122206,1
0.06227330963805805,-1.5088514112020317,0.6025353431346725,-0.4119943514133157,-0.8807695889714453,-1.1214456671486324,-1.065984293437951,-1.5061762157601968,-0.2569480462633682,0.20497305972774782,1.8910159084468194,1
-0.07482189286101493,-0.908837336842785,0.6977530654518668,-0.2278188723959823,-0.49810158636825014,-0.5025778753902332,-0.8339703781302537,-0.5908329007423505,-0.8095826268644488,1.121097541347378,0.5117447447344611,1
-1.089571092120683,0.22288848228148356,-0.8051015689300286,-0.17482815102479077,0.5713241720344472,0.8978108279682298,-0.31651131897065476,-0.8084127519838347,0.984287029360589,0.22143287285216595,0.7505129389814006,1
-0.1596608223078631,-0.048196075434606425,0.42891865331161616,-0.04774837948802829,-0.25267846411188727,-0.7594321762876949,-0.8667489033996068,-2.1376050799629756,-0.6778410315596727,0.3051921070985628,2.3907186720346476,1
-0.7075486118084764,-0.6646475749736207,0.2544717665573648,-0.4039951247560999,-0.36762596099323297,-1.0359763948329976,-1.0576640049427208,-2.11312123333478,0.045207049797431176,-0.3831679419527874,2.256713431525679,1
1.9496291410186775,-1.285009974319442,1.0230234849873088,-0.6614821721389357,-0.6426409934793722,0.178552538915703,-0.4010838475123198,0.11409986753044499,-1.0867164646999383,0.04442955692427701,0.138567817007851,1
0.9459530421830838,-0.7885404932112607,1.2156573084891558,3.5035151287059567,0.08064150966575247,-0.962647118980897,-0.8360741786198878,0.8938810850289395,-0.2934448907588107,0.897655589056454,1.3141785005266016,1
2.099980833662119,-0.24923048883546864,1.5519587309111973,-0.8809303050710463,-0.32296215367884473,0.695355532925959,-0.14316494666067847,0.634784713684982,-2.3399044102886335,0.09422626363046863,0.05781709182746068,1
0.1887914520012287,-1.3442836626829295,0.3527536201046891,-0.5699404787307777,-0.5201689284974156,-0.7657103328728905,-0.8303365103990556,-0.7822587216169239,-0.12536827468198272,0.5885863013179174,1.2317483086771435,1
-0.7444105321996203,-1.3203486794418269,-0.20946253275383397,-0.4638733595770392,-0.6110514564863411,-0.6798930287386268,-0.8775516324783273,-0.9584437002601862,0.6174902141511552,0.015385907679710098,0.12063560665843986,1
-1.7399904400805015,-0.24682039613255471,-0.9144078544933416,-0.29280697646800613,-0.7627253942029629,-0.1286841232671968,0.9768038873642778,-2.432153139628187,1.4688966189779478,1.2042179535449316,2.761747491916799,1
-0.6663433481526813,-0.7781768976238439,0.28379055028856803,0.7839935092268481,-0.5382529972225745,-0.6897836795531234,-0.5866373162844747,-1.249329985928988,-0.1594387218425554,-0.8355066694486235,0.7796771058887539,1
1.202110333480332,-1.4968784032515168,0.8614071754570849,-0.39624184434048904,-0.39810969285236397,-0.8840625135379752,-0.6317632656472697,0.45388629157249577,-0.8829330566388252,1.272732423006388,0.5526860550894115,1
-0.4512227145817209,-0.49599723983169264,0.47190738348333605,-0.3611052854895419,-0.39412987144444683,1.604811458025317,0.5237781452477132,0.2571659193445583,-0.06065298533461649,0.04183724694124097,-0.31807058412135286,1
-0.02279643735840664,-1.2875622147421144,1.3578899309462669,-0.5208670922197023,0.011240328024620043,1.742460073107512,1.3954324154485636,-0.0355175097729518,0.04162479065375058,0.5913145245659791,0.1274477199317494,1
2.1869897311657165,-0.8440825194302632,2.01263939457048,0.3896336448131413,0.09372824397175747,-0.40065821043575445,-0.4882099573182297,1.495493506365567,-0.7900684956979032,-0.05620623260482832,0.3295199449230293,1
-0.03906453395131315,-0.8940692098067421,0.32235485689723764,1.9955549217431634,-0.5242852625968004,-1.1128935395535513,-1.0503677728930927,0.29723677927804987,0.42772361051931457,0.004972951300808437,1.0017878860303002,1
0.3289325006946926,-1.2864202507057112,0.3452995522032437,-0.4785281974828385,-0.49164910978861637,-0.5504333104301543,-0.7254518486536847,-0.7992876421819158,-0.22694060345620104,0.8206609316925886,1.1941149069156651,1
-1.854958760079327,0.07693458220367036,-0.9145650933121717,-0.4704173984111424,-0.878422383802626,-0.05102985293343025,1.4102737450967253,-2.199260639816715,1.2373398984451858,1.3739240974427704,2.274552382255305,1
1.7651851544124233,-0.5676185571332849,1.946200940485467,0.483504547769626,0.4446365766921089,-0.4786609635517123,-0.6218809535369519,1.1583047506511526,-0.7962591380281125,0.864053663406011,0.3910937713649825,1
0.14388076230212155,-0.21192018544607621,-0.053898867920305626,0.17392763431161518,-0.381532480674543,-0.5252983259925499,-0.5739851816112567,-0.21002815746225756,0.11915941086316387,-0.0362448780481488,0.6203860034702445,1
0.7936554664306104,-1.217451682749419,0.3590891153552826,-0.5981564585292085,-0.3432923882555649,-0.5320424268453079,-0.5724865212667267,-0.3167941004576403,-0.38657444044394396,0.9771872088774223,0.8817448053218842,1
0.10627486171422773,-0.89017800854059,0.7480582160336323,0.009865372523286883,-0.21203415613530177,1.3456614752773313,0.0757078466709314,-0.5755886825732643,-0.0846642532002646,1.1146522903672162,1.6755560726989707,1
0.5508747010543897,-1.2462674468491401,0.8869171934120744,2.0122675944901336,-0.35370863180487233,-0.9086632069635916,-0.9669997223950214,-0.3966243759698993,-0.2266686134710587,-0.4646940189370742,1.5380135954393392,1
-1.8474379184028933,-0.5004648615456384,-0.4249423361340239,-0.3310037347266579,-0.6367523645686463,0.22787192856681554,0.548068687223222,-2.602244793132543,2.140129855797444,0.742139983702778,3.153727631847801,1
1.0278305245784283,-0.9423743871673458,1.0716353639237726,3.4138859716030288,-0.08428442467956526,-0.997826742917926,-0.8992792377161922,0.7073344115919821,-0.3824604215964902,0.897655589056454,1.6110075235398376,1
0.4845673459578566,-0.6725190115390196,1.1372869130757741,-0.1517501917686622,-0.5528934789000781,-0.5008454106008375,-0.706648007327983,-0.8839378294269566,-0.055522868648647306,0.5541694709911362,2.4217243736925,1
-1.7690073656251002,-0.17549631316597802,-0.9748026187592661,-0.33233290498446333,-0.8005230533715889,-0.006662220182464096,1.2445148698154063,-2.454653871650905,1.4707882091530553,1.3268487577302284,2.7361792060320522,1
-0.7360505715021597,-0.4712053786580886,-1.1366835081610702,-0.7307769912311396,-0.22254135079556472,-0.2029735420606709,-0.6847681747571769,-0.8279697425180217,0.37851639270205506,-0.18538299546727155,-0.18115313318115542,1
2.4830503433200497,-1.20879889366204,2.2730237140699603,-0.14852031291918827,-0.21480769704607705,-0.8759178530193457,-0.5149436832141199,1.1263692482411765,-2.2210757558688745,0.8313396829946234,-0.38160920408238264,1
-0.5443688226886239,-0.9154053641218384,0.13122159983783363,-0.5452084555419753,-0.3141664927242295,0.12215956084188559,-0.641135311956627,-1.2935985045631821,-0.4419027794471097,0.2466730462851096,0.8759420359458745,1
0.30737165550656614,-0.6306555920880716,1.0366486106159045,0.8972710165174869,0.30104325221015005,-1.0894210442083108,-1.0020135419424574,-0.39029231319006097,-0.3831983027957525,0.022506230586863074,1.4269189473699613,1
-0.8152366808164819,-0.2419179568744637,-0.3727344195609916,1.8672965394915644,-0.5389695471667983,-0.5581678754800803,-0.6566086458055411,-0.8493872949648618,0.18519303642159685,-0.726482869870259,0.5812408845114754,1
1.2276803913380705,-1.5389149775589936,0.9288735168903601,-0.34959037872352083,-0.41742436991654525,-0.9170219424249018,-0.6449224149087699,0.5168048110588809,-0.9454813601055172,1.3171938414871525,0.532086346380309,1
-0.7341928527499815,-0.05502493253482604,-1.0556669828423217,2.6999455247546713,-0.2001021216632436,-0.5124388660838173,-0.8334886594684683,-0.05918868618468964,0.4707501675271263,-0.09513566554570418,0.5607891164788394,1
1.1073384171873408,-1.0917562240588858,0.9317815119630977,3.3268507430018603,-0.24443729080014973,-1.031988244715229,-0.9606550996009574,0.526186525210233,-0.4688997826920629,0.897655589056454,1.899246113619969,1
-1.7469078397465574,-0.3192385941886858,-0.8131476240816276,-0.23150085016548222,-0.7880069721789575,0.04320763407313233,1.2882738497909116,-2.5447940781568827,1.409159774861112,1.236918133581462,2.8838870376136665,1
-1.854958760079327,0.13799952617451378,-1.0517732221470462,-0.5210181190567247,-0.8726030085842502,-0.08082117945248925,1.3433684479933188,-2.1803037361180753,1.3315666996326971,1.434205692733991,2.274552382255305,1
-1.8742105280169765,-0.6022426666460738,-0.9842046482479422,-0.5058617924007233,-0.7548234212208708,0.27388459580973895,0.8608439625162441,-2.6712373881086835,2.397900625879032,0.40273554610877355,3.046973153547537,1
0.5433640836791404,-1.110818779559436,0.807048125432608,-0.7553399479401557,-0.5885403628738449,0.24327690978181055,-0.32085023491570414,-0.89448449339616,-0.7409691349165616,1.2576975529375463,0.6847784928118636,1
-0.16595482702445294,-0.5957896929503217,-0.2457207343625636,-0.32763622063791753,-0.40584392454549445,-0.3345744286390555,-0.5516115444395031,0.045842653614269896,-0.33077946654499873,0.19537386993492933,-0.7274615877884165,1
-0.8041734091706773,-1.1012242966121943,0.6226558247740241,-0.02677225116491652,-0.5081648762512593,0.7209627848290426,-0.32644006997486164,-0.9093077437498165,0.019314110932186546,0.7183221807115404,1.246430114750871,1
0.747106140539495,-1.149381879529044,1.0698128196926107,-0.6124335155013512,-0.5688686043285549,1.5051083300956913,0.31816070832833365,-0.9442389595540893,-1.193699077949848,0.3608916426717215,0.7616310446295216,1
0.10301347723152188,-0.9123598297555326,0.8531253456946436,-0.09803769318223243,-0.45675306985289804,-0.41486958309123423,-0.8101834993715227,-0.5851716627775769,-0.8863583800971467,0.9072044196012944,0.7491409729404681,1
-0.027617951832413223,-1.1734269306394975,0.5811585192316104,-0.0409117719322918,-0.21840691020628836,0.39262903801492643,-0.06264032702875075,-1.0974828000798242,0.015054368087760575,0.7448934948919306,1.884489761739119,1
0.49317289684214183,-0.6644348267092104,1.1372869130757741,-0.0638276397278927,-0.5991179426924211,-0.42689588625705144,-0.6667898434261263,-0.8384505785109273,0.06610226625004503,0.6396746128147569,2.532649013743863,1
-0.8060517152072838,0.13061465258111649,-1.0714668902200697,2.831048914111561,-0.3750028294374124,-0.4815638601135028,-0.8334886594684683,-0.16396987959674514,0.5488736588692621,-0.25578406788169833,0.44500747507438737,1
0.35870250306991164,-1.317680826909903,0.30294155280983687,-0.42527597254202115,-0.5011549239185374,-0.42502367982903133,-0.655453458148588,-0.8029050762627475,-0.24851749685792734,0.8699602794703696,1.1861204865065718,1
0.4760370144474565,-1.438611950761694,1.0029365869023414,-0.3707413761446452,-0.4564373347400257,2.4600962749256166,1.020113968548411,-1.6729674155998249,-1.6124499337002147,-0.5385558297251869,1.2320100214314778,1
0.1300006660908157,-1.656921256029799,0.4464401746116505,-0.47253146010530417,-0.4657944060981257,3.6025497707808953,0.8791808660537254,-0.36460245082688103,0.9871029359224425,1.1794076806192333,0.5147611294308644,1
-0.7633789512980341,-0.6161758249082481,-0.26581278361139216,-0.01083404283786684,-0.4224629732619951,0.19724061972432322,-0.41137312738784926,-1.157392088988602,0.3862250805887585,0.4892409618709485,1.6929359327109128,1
0.37899803365841495,-0.7588648373138718,1.0412116624789294,-0.014607305050861108,-0.577188747730695,-0.42237597072146893,-0.6615427601103743,-0.9093405612597725,0.24871060049013627,0.6991709601224201,2.513027448002149,1
2.4492692160228073,-1.2162235798964893,2.137396945046489,-0.21611305513358262,-0.2940961263799789,-0.8716925798782261,-0.5080741021788256,1.105773184639311,-2.5083315600500273,1.2777463643262879,-0.5966859776161497,1
1.6243672882648816,-1.302844760579644,0.7780794891436051,-0.6746634211888098,-0.5266154058180875,-0.12836506823366947,-0.45980408866901534,0.052186074601385184,-0.8056796396017152,0.35352408693074433,0.334381645407132,1
0.4135830188062979,-1.2406081805403122,0.3825931882465162,-0.2742816333078276,-0.3170404310293402,-0.4402667082362362,-0.673996602613262,-0.7215525408898869,-0.25478224922123904,0.9608428261833739,1.179660529510629,1
-1.7527095850167937,-0.36210660766043984,-0.8959664789164411,-0.2635814999539253,-0.7895801721465192,0.06506735533318735,1.263641557791638,-2.5775655040715266,1.536037565645383,1.1455712149082733,2.895438589614407,1
-0.6034355683286446,0.7287713835462214,-0.9393386720514523,-0.07153180937973763,-0.2257188966681506,0.2859235270117142,-0.32160518201706784,0.16546364721686635,1.6316476855245756,0.04112937860056565,0.5428451401047403,1
-0.4240388694482041,-1.3847267128208254,0.3670456484020959,-0.15324729881438007,-0.7227606758513448,-1.1171416876582163,-1.121777044893196,-0.827387043447567,0.49259575858862464,-0.10131494850093233,0.5383772802525603,1
1.0877624184202208,-1.3464378029092243,0.5998727551732238,-0.6631976964646181,-0.2599831782419878,-0.7661072245931668,-0.6199282868798408,0.18708721731939154,-0.4107979207333078,1.3859137972222548,0.5528143773520777,1
-0.13198869635962757,-1.1634200048837042,0.5196695359659093,-0.0416415635625484,-0.25685422904552574,0.22210742159433577,-0.12988995952222884,-1.109805918026262,0.05251521951496843,0.6120729854873332,1.8289715201431866,1
0.10812055728112013,-1.406838120639573,1.2890417859349133,-0.5494818663941811,-0.012918978168506318,2.1869119368570957,1.5657676337225626,0.030687356896709733,0.0986230869575544,0.6005930861940384,0.12108537271241057,1
-1.5770796890119547,-0.6393824177631103,0.15991766808126823,-0.3942564368776657,-0.024818207333456244,0.5309325284210352,0.05084630778600696,-1.1007080326626306,2.466338409592384,0.17072118369061834,1.4852614287154706,1
1.488677046857739,-0.2962145556860326,1.8731709112472381,0.0811723452092678,0.28252462234941933,-0.7801018836132989,-0.7989884603274086,0.6424463628013145,-1.2168387958231892,-0.0638006431565002,0.9984745513378207,1
1.3457466670520066,-1.468440385268929,1.070540422717737,-0.28686507969334085,-0.4660859109744673,-1.027719158474638,-0.7719405928777432,0.26465444739228583,-1.2255414285186075,1.2426539820506874,0.4888307476363038,1
-1.0163497312118923,-0.8223828261780248,0.8378146598705816,-0.36414804407302787,-0.3164009627238449,0.20014580399598503,-0.4436702024432608,-1.0750580608811617,0.7646476460335856,1.142245395306552,0.6335280763909316,1
-0.4014877678831486,-1.157632971883158,0.7803275334851514,-0.36171115371949486,-0.3383446511447443,1.710421895516511,0.23445391575259522,-0.6067872284421326,0.6981912370023393,1.103966351220113,0.5147611294308644,1
-1.8023865575544724,-0.2150034987460387,-0.6423709095669822,-0.2719882594734928,-0.8438824040014125,0.04320763407313233,1.4595803206325626,-2.3981692779923707,1.1678984477470196,1.2093561814290381,2.5710243124180043,1
2.1114482798801455,-0.46937628140004256,1.4649986842197302,-0.7920357050165246,-0.29372066768326066,0.4113782283625259,-0.27992241309863414,0.6217328491908287,-2.341068065754053,0.06926052673535431,-0.0882724996283718,1
-0.7691556343078657,0.49044682333803735,-1.1808406688060276,-0.7464215488309258,-0.08604125907837634,0.2859429503812603,-0.5913376320037278,-0.9998409811119875,0.6746433332061252,-0.6275437789597305,0.004796586447500084,1
-0.27156946347076216,0.06565023363181438,-1.050747640895654,-0.37902004472608475,-0.3231118116046804,-0.576593476854666,-0.7690218878854729,0.045842653614269896,0.16678288508069872,-0.36430175273680293,-0.8409083782136896,1
-1.8444334749190188,-0.5775236359394629,-1.3396561802966511,-0.5313355375762195,-0.8511666946813635,0.22270835055681154,1.2400395705614153,-2.682055688890255,2.234079977050228,0.462041683780938,2.9200700736228016,1
-0.2884851546381275,-1.28628680219657,0.3073103718443527,0.025253026675824523,-0.3709388519577888,0.2490016379391214,-0.09882334904069714,-0.5662002904813188,0.43412217666423647,0.6453942950173674,1.101314895845448,1
0.5132907459415396,-1.1531958029462834,0.6615764249353246,-0.6456049376199848,-0.5532039143767762,0.06237782084251858,-0.41371030014097554,-0.8698180143839769,-0.6101886544006856,1.1829950428094929,0.8301442954436042,1
3.2516967380411206,-1.511732948795773,1.5346747315079399,-0.0714000059799901,-0.08166367782454578,-0.5952061228477736,-0.6013194776529901,1.5911273451572694,-1.122698627015345,0.827171482107873,-0.46774951260738795,1
2.5290821904459593,-1.224726844358988,2.1749180201482594,-0.22645265145626947,-0.31482635029988393,-0.923909634816007,-0.5158717243161027,1.0784964301576836,-2.6228718728538087,0.9036775735065048,-0.6259818674569637,1
-0.5945300162428502,-0.9593764269207353,0.2346864672792695,-0.48486138447137955,-0.31775426995799905,0.24805506301252112,-0.6106236473516043,-1.2692627746697982,-0.387707685751073,0.29984632641629927,0.9136504940056976,1
0.5672916252916564,-0.7474620453198513,1.2052821699637721,1.6309424197464368,0.09005836692214299,-0.9958566501962479,-0.9844694418393535,-0.6677047791226673,-0.6748310905705657,-0.5814561739541293,1.6868821962863905,1
1.8794806053274162,0.6779077516677613,1.6470261857903186,1.544380378939889,0.35279280693741266,-0.8959264813645558,-0.7746707875671168,1.1971430537874046,-0.715016783084123,0.5784696123881958,2.188476745111855,1
3.5554916867326734,0.6819224784202083,2.255334633086814,1.7166699652911257,0.09500561323110766,-0.9063558287849252,-0.10540452453408036,3.19511887972523,-1.9566104099334294,0.2089862101132431,0.2681542479571687,1
-0.4638873843452878,-1.3975953701757589,0.33295087995722095,-0.1501481522451076,-0.7361523405086055,-1.138753777623599,-1.1271770506588734,-0.8441828438052271,0.5586440566895026,-0.12526983034571101,0.5265027610900593,1
0.22446712443271843,-1.3168305363890709,0.4629756329873206,-0.6030459307216348,-0.5523710866390154,-0.957375717503885,-0.9449359432159357,-0.815623477207198,-0.14056992550959402,0.40420423632788904,1.291257745328334,1
0.48342887500464815,-1.2465948385790937,0.3318047902600608,-0.41703805519797715,-0.4578555335961194,-0.37209141952534336,-0.6203822050876986,-0.75784289502568,-0.3191200344024716,1.0080114629594878,1.1316690508103842,1
-0.17536347625750626,-0.4308238949083588,0.12614437881365825,-0.007535757612623484,-0.47729349726683645,-0.772891561339985,-0.8051518833831477,-0.5929983097453171,0.5153355966630792,0.20229998428180312,0.8570312244378239,1
0.09240659186787281,0.05244139177639551,-0.8282000430125579,-0.1529079635268929,-0.10341673651421085,-0.07109183840479472,-0.21255398429994854,0.24246038479766652,0.340993374154486,1.2300791689210935,0.11618238006293227,1
-0.011010582125664137,-1.1217372724792516,0.721075273552437,-0.16205810456199743,-0.3998487133909132,-0.6866406124137658,-0.7972494941102275,-1.301051066235074,0.38603394510384925,0.5855135912854061,2.07495489131666,1
0.06584439752715275,-1.3582635334778275,0.5713452673815393,-0.5477091842350612,-0.3493663704297584,-0.9447422011945549,-0.9482204869673935,-0.9493200662100579,-0.13383818314271256,0.24006529605650542,1.4184202539359614,1
0.40348384113455127,-1.096493416712896,0.7131205155430707,2.941908950903483,-0.2985799878515042,-0.8760874021315932,-0.9814043673273968,0.012099497837246398,-0.12738412660106577,-0.07042483713444397,1.6042289267067844,1
0.017661812203506162,-1.3372195242369807,0.6454234484262031,-0.2876058112409918,-0.6789971379700936,-0.933029245860993,-0.9448065777747675,-1.405572888354694,0.043141472152354976,0.41457946912371146,1.9825588592920897,1
-1.844619954481471,-0.4960527982369598,-0.43568202551191504,-0.3282617329114307,-0.640536517175651,0.22302884311164323,0.5669214448041308,-2.6012175377162254,2.121748057993575,0.7552063781417866,3.1476737557341035,1
1.2979474706285647,-1.322328922897786,1.1142725014881527,-0.1324277137723219,-0.4009286399451822,-0.9866441838790714,-0.756366751590354,0.4364059599658623,-0.9980871004430641,0.7489660479467756,0.5147611294308644,1
0.14183655817199947,-0.8014963240875763,0.527860030529649,-0.5841730497649622,-0.43067545268208596,-0.9447422011945549,-0.9875970864304604,-0.8022736288867379,0.16946966478191125,0.2304077611526804,1.1875159661966617,1
0.38980503228646624,-0.2676008866352326,1.325458659874797,1.195673710374168,0.24937501818691687,-1.2216745226907375,-1.0604456425734181,-0.39709124094929427,-0.6723347339452321,-0.38978329303831366,1.5153507463335016,1
1.1293841975232453,-0.6625338352801404,1.953727024734301,0.43715872841812936,0.8788623890442251,-0.403446502822678,-0.5499105293602958,0.15841712915272316,-0.43097499036203063,0.6381317740122727,1.0390152837038333,1
-1.7399904400805015,-0.33223521420616187,-0.8344410287353518,-0.22645265145626947,-0.7810401079704588,0.04320763407313233,1.2669143921283164,-2.5630760858125967,1.439241598838902,1.2403547133394,2.908977524835798,1
0.8391869804411721,-1.2838495356035173,1.1096297472919305,2.027791480714274,-0.08337338529792372,-0.715481355854894,-0.8865213610301899,-0.9204511801750136,-0.7339509087742326,-0.7705656900222777,1.8621173137538447,1
1.0227348036682986,-0.86078974918536,0.3513644484124818,-0.0586488660348736,-0.06056323526125329,-1.0420395712225219,-0.8639686909545655,0.06529148088879011,-0.8806747529549237,-0.07245944510509317,0.16112696597480713,1
1.0396901671909036,-1.0690535643594756,0.9628690109340718,-0.36442156603297315,-0.6727563893255508,-1.0753693065127332,-1.0997369336145395,-1.0986017651121036,-0.7460180339835132,0.044721850386168605,1.4440595163442587,1
-0.9425334535024269,-0.18340323244393236,-0.8285477346249421,-0.04818943113152914,-0.37090994758122153,-0.1546489362201373,-0.5562564756798818,-1.5352493055614616,0.5253487413240726,0.3620918749841481,1.8578846877796011,1
1.2264341904645795,-1.5443469011695654,0.9856155329364565,-0.2771469648078772,-0.40464393902099355,-0.882178801971941,-0.6349140978999774,0.6464401168048053,-0.8941993728319362,1.3093753922555265,0.47810277086244374,1
0.676691306613227,-1.1518994873701083,1.453785005572531,0.41886594393787113,-0.13336164216023583,-0.8804742673603313,-0.8361296806594111,-0.09214252424376568,-0.8842544176538972,1.5208382661132533,1.1992561032088742,1
0.9574335203322397,-1.1463267041767204,0.8000940070702225,-0.48448052417984255,-0.6037190202060941,-1.1460543793349856,-1.0997369336145395,-1.0573714445655642,-0.8801596600602063,-0.20046987586680065,1.245257115414628,1
-0.041468449583269174,-1.3141200621401776,1.6885969483840397,1.6669694726940625,-0.2631950445360942,2.0212621625631515,3.930070710703013,-0.7025869127245012,-0.8014141957513241,-0.0624382569128803,0.7330717699418003,1
0.7901725308480984,-1.1207108308081757,0.8038115584765091,3.130041432136098,-0.2985799878515042,-0.9646982536093521,-0.9814043673273968,0.2517362374914963,-0.32357082395865067,0.4418626650470506,1.81191127177672,1
0.06405400755642035,-0.89590780002962,0.7557011149546058,-0.15403727160834188,-0.491564035899086,-0.3465621248286211,-0.7909453473848814,-0.6449544764261301,-0.8422946280366593,0.8499224511769349,0.7253625910411581,1
0.0021957137170546814,-1.3570556875536885,0.29419696528031036,-0.6178384320042635,-0.5230446052214536,-0.12071409264067348,-0.5969889476846453,-1.4085513229875914,-0.851099155044214,-0.20542608520897016,0.8236690732357417,1
-0.5999997630387912,-1.3696801934847178,0.0791938061590276,-0.29141947798169565,-0.6815694750838601,-0.9280841749687864,-1.0126757883760382,-0.8974254019143363,0.5889446784657103,-0.06287983327151789,0.3321628259141679,1
2.3935437208468575,-1.35926407806272,1.3378761475103251,-0.14332802973990305,-0.12632459508880667,-0.35471802385255463,-0.5087592511403703,1.5604819424221934,-1.246911606768922,3.969777715860056,-0.5915377290479087,1
-0.3988268365292622,-1.2502336859463572,0.5643732181475329,-0.17049022801159547,-0.6973720817449445,1.5578838241741444,0.014468184549995877,-0.9250941514350911,-0.20645534156914647,1.5828549233123654,1.5643382945999165,1
-0.2454022800957727,-1.2502605525018629,2.0473151939116785,4.891562803896312,-0.7424432983609424,2.1672997798986597,7.053972817333964,-1.861077870786084,-1.8730256078776166,-0.8729565530720973,1.7188288287317979,1
0.01542609472414233,-1.445324024098835,0.7916500613143764,-0.3554430523878661,-0.45189754181758446,-1.0509261806737749,-1.0427832093027178,-1.4410456379959948,-0.2770505512633166,0.03157267856046678,1.8612233200044768,1
1.0146422073221217,-1.1962590620138804,0.42755244945555304,-0.6626213529894418,-0.24451659066904413,-0.6087679353329268,-0.5258026305213873,0.12695123605474845,-0.3755225679307808,0.9410394047345068,0.6480411720229725,1
-1.7798092571910786,-0.42575121380768316,-1.0270538702964536,-0.3426889892965611,-0.807775808777582,0.11164212768902727,1.2566683895441673,-2.6084369570488968,1.742273046205392,0.9436235409190976,2.9027159209890923,1
0.16403318023287916,-0.938368160782122,0.8731575553052107,-0.08433069810331076,-0.4569098523432846,-0.5455255430165562,-0.7230025478724946,-1.113954786269451,0.3525796713089208,0.6517065049730003,2.2821212640115993,1
0.31075596344697787,-1.1334818575230936,0.7511562898968445,1.9371670926645457,-0.5091744806196618,-1.0855257925620925,-1.0376126316978487,0.00039778818167390817,0.12761651480916358,-0.22611095796042946,1.2892997917482758,1
-0.8257373031518828,-0.14820574218603516,-0.4927928290737307,2.051212683748911,-0.540732165430095,-0.5401210116021468,-0.6863303584353779,-0.7517764143882931,0.2593974438579391,-0.6743155412414596,0.5389434124883352,1
3.7031629154536985,0.5195074534419759,2.338218462679011,0.9190071206645071,0.26148757502473835,-0.8559828820650016,-0.22680044566861277,3.022139358719502,-1.9672629559985517,0.3161112814348123,0.5335780601483998,1
-0.9352122000887245,-1.2605339005705194,0.39101479654163646,-0.0586488660348736,-1.0479459952738692,1.4827222500902428,0.7089465203619955,-2.1857541576442245,-0.225808968541013,-0.4988421908452183,1.121200059265003,1
2.1268375473497096,-0.6471255337587605,2.0031715503076435,0.46957352988274,0.3581061639354503,-0.5634782340955321,-0.6647379857331622,1.6779810580593937,-0.9540723750242138,1.004643047820244,0.01122261851015436,1
-1.7602693555887774,-0.37986101507626036,-0.9325348402360699,-0.2856494595259034,-0.7946560578420129,0.07805993292556974,1.261696310935082,-2.5861774570217975,1.5935693655435355,1.0892355488129237,2.897468686333478,1
-1.7970992912279173,-0.6022426666460738,-0.1011151292340136,-0.3942564368776657,-0.2396767932002094,0.5378275751682361,0.18737115680876476,-1.834929482911003,2.752261402197778,0.15420854835538744,2.5035338393455393,1
0.8118360466521193,-0.8985189984903713,1.078531993717455,-0.41580045852130215,-0.5502392235078991,-0.9607617189558315,-1.0129850174495205,-1.1083906603018603,-0.6594280615367334,0.15514081977673883,1.688792137197361,1
-0.05336975270710678,-1.1388390119362362,0.5682430795220892,-0.017614513758938077,-0.2957149657664683,1.5294495671502588,0.12706023484458961,-0.7165498743681611,0.14416458739325977,1.235491007483889,1.7010310979228174,1
3.336007266751367,-1.5405758599332073,1.34694879257263,-0.22645265145626947,-0.2809640507337703,-0.692773064261197,-0.6023860599261602,1.4921518878747853,-1.928364473743765,0.9704912731931852,-0.9510187057473232,1
0.6168601198954169,-1.3182071151408905,1.377016929594572,0.13620097986156468,-0.2120550089951914,-0.9447422011945549,-0.8506642868296731,-0.2076532657169773,-0.8670301708686379,1.9718828139529267,1.2796437413946105,1
0.19073989776839884,-1.448843318081912,0.346964546658668,-0.4868176036602688,-0.5432327574232769,-0.5336245181199153,-0.7351944447807479,-0.9250558273282806,-0.17274421529103073,0.9278734928190746,1.2312250740999082,1
-0.579769106365441,-0.27540524302657865,0.21203221591743004,-0.3059599453998505,-0.5035340791095843,1.5109020541223626,0.22956756130052547,0.2994998733615161,-0.05737960124802701,-0.05761915725831728,-0.4041678951615865,1
-0.41569614160189006,-0.8364181120026046,0.38082851013287294,-0.3095668829350254,-0.5812005255569347,-0.15530980882058357,-0.6076103177512728,-0.9063388979727052,-0.6242868574241226,0.6510443380766855,0.7614595383174965,1
-0.12259130403348174,-1.6941333816673305,0.3699290254426628,-0.601149451236906,-0.6308915775573198,-0.7580019155974389,-0.8695694520560493,-1.0630730907186081,-0.002420565610832315,0.8240977275868936,1.3153668663281752,1
1.3006562021731358,-0.6274697972165546,1.9619463236262489,0.3913795847096783,0.5154745225327972,-0.3635104720668651,-0.5092257644884715,0.1995651949280488,-0.44535836804318646,0.5022870000969616,1.1306540629381647,1
-0.5988529921203579,-1.002142555035224,0.26278383822391554,-0.037112394494282455,-0.49521725909080117,0.4490597612704961,-0.30659225377708543,-0.8297472041572176,0.14033584292218973,0.6035818877182489,1.423433805099351,1
-1.854958760079327,-0.23280237553278083,-1.3905694225795153,-0.5968479710432737,-0.8582337271894916,0.07694646723302087,1.2127994822539423,-2.4616280122006184,2.0032338674505277,0.8809265370094573,2.6540774047162192,1
-0.18652723238701843,-0.01875091083490346,0.39741342940965785,-0.02487396418237194,-0.24892033565989666,-0.7555843531928622,-0.8655967123541294,-2.1839217438673857,-0.6802750827022397,0.31186575366401603,2.412362745926424,1
-1.2208361900157334,-0.7647535232876477,0.7838611126205266,-0.3939941806914037,-0.3369958316014367,-0.15129425060652057,-0.6541404210345724,-1.2725973285234349,0.8758044021222186,1.1828811289072012,0.6994232966481697,1
2.311507234952356,-0.05092026499044111,1.946200940485467,1.656367465459045,0.14638468780393082,-0.6971041743490844,-0.40576687740380857,2.2959936680008908,-1.2469721031026386,0.7278104831515992,-0.22539039597294602,1
-0.7846922304791752,0.075434738126272,-1.066770491351509,2.792079457220483,-0.3230149622643481,-0.49074121410926136,-0.8334886594684683,-0.13282448953706222,0.5256520622120595,-0.20803258700723315,0.47942266224553387,1
0.34100682477353367,-0.7066234178663799,1.1844528458220844,0.10352707597726724,-0.6999630817108689,-0.2598041359857972,-0.571209051175834,-0.8901120281531514,0.07272220044320504,1.3124448296552171,2.7314426804628718,1
0.15697775059652186,-1.0882560810379154,0.5811665132437611,0.4866802705013929,-0.45778648748309003,-0.5742649182954342,-0.7965085630939588,-1.119797408558757,0.06435799342457266,0.44073245451891696,1.6030787171996776,1
-0.2993614138728434,-1.2702563983230686,0.5143849284356782,-0.19122969835370696,-0.7283791475880197,1.6921985053491329,0.0839376248761604,-0.9147344533380347,-0.2219034531669883,1.7310988623432917,1.6559167781863307,1
0.6813230188028989,-1.184197908673168,1.4921704954204436,0.2897888619124102,-0.09266512896085155,-0.8843118524225784,-0.8268813083829141,-0.13166470601655872,-0.9407466682627159,1.369833463284332,1.163105275208289,1
2.1114482798801455,-0.8500944263975915,2.3480594996392266,1.245045953480501,-0.32677939024965436,-0.7446133806572504,-0.29037522824366985,1.8458332841633442,-0.6118991526854974,-0.3237572790732281,1.949169564592838,1
-0.14968046420940995,-1.072690008410752,0.5353094133824532,-0.22645265145626947,-0.5733361846242222,-0.9447422011945549,-1.0588715083699651,-0.7495013985102476,0.15676550706402045,0.14158997565154807,0.7529871428089551,1
-0.5819031322742277,0.625975458793057,-1.3887215763907972,-1.047072060700835,-0.4367441697204938,-0.0664201209525206,-0.747982996748167,-1.0860123070887129,0.48581812781333394,-1.0826343271808325,-0.39451853369444195,1
-0.015465640098121944,-1.1392407183300126,0.6612308542879428,-0.10294344856468554,-0.28359409025235194,-0.2752544820888534,-0.45312224114825844,-1.2402955841887848,0.23279710187469124,0.6120729854873332,2.0018649576682965,1
-0.022920316256145462,-1.0552636975966003,0.6977167918426365,-0.18994199890716068,-0.5460667000994888,-0.6867931227694719,-0.9542934947945654,-0.6766275888930412,-0.3788946270208362,0.4211361845984459,0.7000023139386996,1
-0.222739044442314,-1.7618885416451393,0.3789300123791871,-0.6459621150097599,-0.656373175681902,-0.8524389016176765,-0.9222380841838254,-1.0944498747059561,0.056125227312177034,0.760904254438886,1.3422604866160728,1
0.46550925585924363,-1.1003779243097744,0.7276674875631947,2.972085667942408,-0.2985799878515042,-0.890300708489448,-0.9814043673273968,0.05053757103597034,-0.1588527513391883,0.011746805394387771,1.637541469655744,1
-0.2722538010668065,-0.9017733368760141,0.4240651325415556,-0.37190126639913007,-0.3755068487376363,-0.08191069720909683,-0.7230383488940575,-1.0103983336546867,-0.6339265596335873,0.49705043280210415,0.8012757377736347,1
-0.33303057423934723,0.26178118116164456,-1.3159668344468178,-0.482251109108979,-0.14678155245410704,-0.49293586655480043,-0.8334886594684683,-0.2618405978862246,0.18323230654914147,-0.5602087764693283,-0.3888543812047843,1
0.2738599134955918,-0.8942626099964737,0.8921662345546757,-0.011727802028659282,-0.45031286233191575,-0.13424655841906463,-0.39170202710559876,-0.967853082847716,0.10669223823120912,0.675956357784223,2.3184450979519173,1
-0.015465640098121944,-1.1529754567742931,0.6419428057834283,-0.09227364537084617,-0.263960666064241,-0.17474442237862084,-0.36659421860601543,-1.22830367405104,0.17716413949786117,0.6120729854873332,1.978307837343164,1
0.5688628790326622,-0.5398145867798334,0.21519765709122518,0.1291706661011328,-0.2722022777088503,-0.7670888981587697,-0.6809566903861612,-0.06451007355914834,-0.3134948837524245,-0.009395845927643087,0.45528407402486815,1
-0.007583581724448035,-1.1905994401982392,1.2522656545265833,-0.5229853709236787,-0.021786969799931707,1.8589644909240728,1.4560461596559682,0.1291348955614565,-0.06065298533461649,0.40917211683647753,-0.020234049437457415,1
2.393605325305916,-1.009595648053581,2.1299727746644392,-0.3485655673432464,-0.31436746994859177,-0.6391912280538405,-0.43810802885451083,0.9744973943163726,-2.6399896713651594,0.7521801633824076,-0.47873393925730934,1
-0.5089876676652005,0.5177385752487729,-0.947887652296393,-0.12822755401567137,-0.14215261793404152,-0.011411915107396198,-0.45107376900388624,0.21757019457283178,1.4646414478296959,0.05251460205245151,0.2911154520038227,1
-1.9093454126825347,-0.5760540584147142,-0.19354386591769895,-0.3897354221628362,-0.5681771915536852,0.3236220185608726,0.1944696403524544,-2.6061813031434826,2.476606316576212,0.4807334885474501,3.2384799011327736,1
1.8324764378182887,-1.2171487170327335,1.1622235719880218,-0.2589088221715087,-0.30809868025856263,-0.7339677058487174,-0.7999575465209635,0.38671846148646705,-1.6638991571883952,-0.037530871660689524,-0.12372795571713774,1
0.35102645923734227,-1.2795017842847298,0.3420609584130986,-0.4624044084319161,-0.4879404519974965,-0.5124615931730092,-0.7065014484200943,-0.8019723392674355,-0.24295400453989527,0.857248693166489,1.1881818071844388,1
-0.15779697164361928,-1.4973712743117744,0.2529414909624669,-0.43687833011292265,-0.9413716341229998,0.5557570465009685,0.20156728425218473,-2.0679061942355537,-0.7936011295874108,-0.8226945366158964,0.9245147987840889,1
0.12299842038933312,-1.490697060193831,1.0273411677507545,-0.5277666517283932,-0.15277198631997263,2.647168263690088,1.366695712063958,-0.08591894700825513,0.3735965514630374,0.7779856290593511,0.2409441731688744,1
0.3148461865925411,-1.3500381272155275,0.8729501287111089,-0.6417021884319001,-0.41535024901615497,-0.850963306846323,-1.0124895252061659,-1.6533591496340223,-0.3699579522568603,-0.6459404505257227,1.6929645364710706,1
-0.20759431346736454,-1.0966885540392595,0.6206316524897258,0.012151528205109577,-0.31845703150547905,1.2504069534988511,-0.01066719384050218,-0.786448076590447,0.03506167562640482,1.1690035688435323,1.6957458525853621,1
-0.43553912815589546,-1.048954993431729,1.0786546863853825,-0.3818459469132806,-0.18061849078381542,1.1422332109811104,0.4314166134932049,-0.48689890764398464,0.3867982098599062,0.9067783704545376,0.3832270275272929,1
-0.010124631753303026,-1.6245079178221293,0.34444236140387696,-0.5458028710976119,-0.6060096645978477,-0.6437675964256153,-0.8011568684252022,-1.01353336329452,-0.06355630306687737,0.8613468585763194,1.2851651267082986,1
-0.6462338097232482,-0.9291780575368469,0.9172497643799433,-0.30126092394329895,-0.28451067736593516,0.8255366578882127,-0.06993807067785031,-0.7210083772146623,0.5558361888191868,1.0566241206612323,0.5423672450380483,1
-1.9252028033507085,-0.6022426666460738,-0.44653297468800435,-0.37563255236240567,-0.6008637539497933,0.27380337640873753,0.06063879969701178,-2.6445474556911006,2.5502902518223522,0.44072342334586034,3.2933788970484015,1
-0.625348369090204,0.17852045392003177,-0.806847195789482,2.3414156622229365,-0.522703000524958,-0.47359631428308124,-0.7651294752571033,-0.2442738464360676,0.511269420431099,-0.31043888011538096,0.4151290829827921,1
-0.7088805598014565,-1.322826971706645,0.6885565308821899,1.5655515035918044,-1.2351687081121612,2.067730331095272,3.426846755202421,-2.7480943759150955,-0.8232669753055142,-1.3334706627587969,1.3454422056724527,1
-0.6375940067381443,-1.0829340889526389,0.2728332181788215,-0.6393471093140126,-0.5282589358260865,-1.2216541292473995,-0.9714916736370592,-0.3650000047175223,-0.49812223905189135,2.4552636675402066,-0.4169215981496719,1
1.4240001437289127,-1.019607230260252,1.2573777085871964,0.030540755703129002,-0.3886212752063812,-0.9201123170153889,-0.8433771998970396,0.23685064827475794,-0.9980871004430641,-0.06143262311974014,0.4761907353423572,1
2.2149631817355933,-0.8938597783110219,2.178649176340393,1.7201839089681734,-0.43366882148481134,-0.8854817917668405,-0.2595831603506804,2.0366278215388514,-0.5856265783865356,-0.29033928432196754,2.1818540677770466,1
-1.6003983607165098,-0.6311677002548952,0.11890028032921453,-0.3942564368776657,-0.004268467006217427,0.5760186662424599,0.09734830623996296,-1.089285424037387,2.5709136969958877,0.10410876364470717,1.5369227929560696,1
0.25199356160227937,-1.1587546065063767,0.5966033278908124,0.4226349988198401,0.08789606080748197,-0.7430263900046451,-0.8618363594537249,-0.5655195673506728,-0.01985922066764182,0.6073024221719747,1.320051589768683,1
-0.8229610917101317,0.17429819461357104,-1.0751848252586214,2.8618993408456657,-0.416159366254639,-0.4742985474905826,-0.8334886594684683,-0.18862633238814494,0.5672571885223522,-0.2935868416355188,0.4177624659039612,1
-0.3257516598229562,0.29131609000027486,-1.2492354003992083,-0.36088315261247783,-0.28514656608877265,-0.5795870752974795,-0.7893618274670395,0.07501601251084758,0.45104296661430887,-0.462100472356944,-0.7548135853828789,1
-1.542720788732885,-0.405267755258091,-0.20993831042760347,-0.333048615639281,0.1994890940555898,0.782820903968432,0.12440542898709744,-0.987916433156689,2.468023173789403,-0.03321773740265767,1.493601305231275,1
-0.6318261479653242,-0.7462756139228308,0.738479003363048,-0.31035454416696756,-0.34359924516734974,1.0256379395323956,0.017835188138764252,-0.4367537977602433,0.39073212275618635,0.751742220406323,0.2575231168305985,1
2.1286206257234603,-0.4040779687666889,1.946200940485467,0.8555625481094855,0.3237570578155186,-0.5923316622563621,-0.6044628671564514,1.8885710835171874,-1.0702337957645618,0.9700997631761031,-0.09442433844595449,1
0.2621954914289881,-1.1779223012766125,0.6145484543038066,0.3481830783454588,0.24544423917571884,-0.7956269406179562,-0.8775870532642648,-0.4297763283768138,-0.008767890395561057,0.6681225231814498,1.2871761408557194,1
0.7232458517071938,-1.0993605663325492,0.784098989333851,2.730911194288481,-0.43655014150597704,-1.1220166652528418,-1.028404113674134,0.41916929815054227,-0.12578884842836519,0.5346837283101774,1.6288168680259223,1
-1.7399904400805015,-0.33223521420616187,-0.8344410287353518,-0.22645265145626947,-0.7810401079704588,0.04320763407313233,1.2669143921283164,-2.5630760858125967,1.439241598838902,1.2403547133394,2.912649144289838,1
-1.7178563301862384,-0.6022426666460738,-0.30533926025908703,-0.4286535776003782,-0.12179205231562583,0.6335154183162517,0.46120219991980865,-1.386260259225434,2.8110300019562455,-0.025069875996244398,1.965643797705948,1
-1.8886614621389044,-0.6022426666460738,-1.3905694225795153,-0.48827327406082915,-0.8356045929247993,0.18287455076257686,0.8384086334916073,-2.6986531225724097,2.369141442896111,0.4003504810396998,3.031502593611397,1
0.9000682720045029,-0.8666520987759097,0.2969271067142527,-0.08474172913202357,-0.10500964361513931,-0.9616051759091482,-0.8232045430042849,0.05992980610678367,-0.8342245490020326,-0.025957764128796912,0.05786581945836888,1
0.2264294743217882,-0.6625632663731708,0.6849021322356074,3.1318048289545133,-0.20334254574346658,0.9066719894328613,-0.1346477563193969,-0.7243099361006343,-0.4364391944887263,0.6157861086549358,1.9966906054935505,1
2.4071993791870914,-1.1500831808580914,2.171728519433806,-0.2766729445274764,-0.2799242930743997,-0.809577178839909,-0.477718770492468,0.9807384595177873,-2.6106538012795415,0.8683518904139066,-0.5887661268456466,1
1.780760160399215,0.561983400337453,1.8496162227919424,1.9766472249094378,0.12079794502679,-0.9242040820419615,-0.7916056608630561,1.1371641029198178,-0.6255777359377953,0.3332469137492502,2.5066007666480044,1
-0.6279640412076053,-0.29829262348982144,-0.9924035998112951,2.524500991014369,-0.0072145041398309455,-0.5679110075999803,-0.8405528129591645,0.07430364680194775,0.3784744145866832,0.0949934447186303,0.7098320276850791,1
0.14655717631985044,-0.7394116415566587,0.544467102103281,-0.5772829987078847,-0.4195819131813273,-0.9447422011945549,-0.9948852184119824,-0.8057153199061872,0.19513046418729413,0.20695562370937948,1.1799099326621536,1
-0.28866635069844726,-1.0657397038587362,0.45467719541468604,0.025253026675824523,-0.35974791047841564,0.997995202998354,-0.08167875816012543,-0.7679286995465162,0.14251244307905267,0.9783873448229375,1.6955926082809465,1
-0.6050925793851021,-0.30715766534393135,-0.5011326361935163,-0.2174648497303362,-0.4132685818398763,1.7848252358667813,0.139585984834011,-1.2172334980747874,0.1728135029009365,0.8438001136522748,1.3827454146841185,1
-0.09145882969627844,-1.1788713992937758,0.6100108063327874,-0.2534677912023969,-0.5735572065564086,-0.9553456977306614,-1.070153792042754,-0.774329154084067,-0.024987564208094504,0.012201240938597313,0.7000023139386996,1
1.95403672729089,-0.6459473009384026,1.9277418825225012,0.35286150604930366,0.1367107808776694,-0.46018626189848033,-0.5594998549760297,1.292738270279527,-0.9132810573168182,-0.15627733874398134,0.4986047992385433,1
-0.8915247633956241,-1.270093647879241,-0.5035227030983692,-0.6395556882225629,-0.5392132954425075,-0.42705558538534544,-0.7398978658900338,-1.0206043002085243,0.6465701405364612,0.09511683339898556,-0.09485153753908437,1
1.0425743383399293,-1.4902139829929593,1.0662154401866992,-0.3443990515151296,-0.23495088607100117,-0.9447422011945549,-0.7754374753860578,0.3018581964317533,-0.535259274875471,1.8918123642406413,0.5457715133635893,1
-0.5073178697955663,-1.2912684644378705,1.2794689062430065,3.0120050140024324,-1.0208866945369472,2.111032222083473,5.060601290486546,-2.3623385796198275,-1.2797979134381539,-1.1331970646237073,1.5078248144191857,1
0.25599523128080004,-1.228135868737198,0.4319404381974773,-0.25675631777305385,-0.3615724743956443,-0.14958827800852556,-0.4082401395372697,-0.9678572496347353,-0.18261158335717317,0.8480821386672219,1.4666822757979212,1
-0.8848304675545263,-0.32279281246751834,-0.6472992224682033,-0.03615781920291351,-0.3875144061900016,-0.04131057267340019,-0.5095917158903567,-1.4135471468663843,0.4805390907618359,0.4030446943866266,1.8047571605406074,1
-1.854958760079327,-0.26735010021430783,-1.3905694225795153,-0.5935948403079024,-0.8582337271894916,0.0922687912964184,1.215093538418512,-2.4833622665921586,2.0323115974870616,0.8344203431251523,2.6792156727526644,1
-0.8017137761245554,-0.5993203970940708,-1.1011446963827995,-0.7602661430752177,-0.2598470019778401,-0.17693080175533865,-0.6587740724297328,-0.8781448417177176,0.43343000682748706,-0.11512102708950447,-0.22184504460027596,1
-0.4298223139804651,0.4257437193829712,-1.0661758149617326,-0.20898522352132107,-0.22400457807965465,-0.26658080564635517,-0.5885193108867286,0.20779805355334854,1.073332189412895,-0.15188525790746715,-0.20984557542389404,1
-0.9926963600881374,0.8741197291427418,-1.2674058649568627,-0.28448091311026436,-0.5361120796198867,1.9024667218277231,0.1374113312709232,-1.2236505346784572,0.71517692487219,0.05675586606939731,1.3532447649374824,1
0.4444076398971786,-1.2661621424148022,0.3134855429482499,-0.38190331959563567,-0.4779483505231083,-0.32288056017080136,-0.6089842239608244,-0.813319340895772,-0.3106354160302029,1.0118886304841026,1.163105275208289,1
1.4263796852383686,-0.9941710913308011,1.3436853997377636,0.10915491938652265,-0.33160597855100576,-1.023166965963191,-0.8743559851996889,0.31480369564215027,-0.981979890918165,-0.0379952499510563,0.5052125589550724,1
-0.4575464871712998,-1.10497056198731,0.8155442880342612,-0.35002238675864444,-0.3249018938247886,1.5108497907697718,0.16645136891597412,-0.632331657250647,0.6677182882163675,1.0960091803069312,0.5147611294308644,1
-1.117927253306588,-0.7339818567964487,0.6912986715258309,-0.3707449155966415,-0.36151244452081166,-0.26512216411424455,-0.7057296650150117,-1.2251534944026359,0.8680246717111898,1.0631965360364113,0.7389344099048981,1
0.8211098327886392,-1.3696474718753262,1.0335307366877844,2.222122416411384,-0.14773956882188358,-0.6743466589230651,-0.8786363230011962,-0.861062699498439,-0.6576827582242649,-0.740713516566692,1.855339717348865,1
-0.26908681101969845,-1.3015471068771483,0.48385692082178644,-0.18555625135689194,-0.6633092165491775,-1.0410537155975426,-1.098993284331395,-0.7749358133478379,0.27600340274365115,-0.013337197462614997,0.6097099814088862,1
-1.894258190096334,-0.5737709820642856,-0.24650315500986975,-0.37656190138623774,-0.573878936047258,0.3083394516326404,0.23483145043731746,-2.6193125693822403,2.445542129123008,0.525042762181484,3.2510568111950584,1
0.4213973349168466,-0.7102456476220385,1.1474056562618078,-0.4277200395621139,-0.41056380897621575,-0.7273074375178601,-0.8275249293322864,-1.0563705050353578,-0.48552361297428537,0.3952038195851515,2.0709077358156494,1
-1.837762604579783,-0.13665275458069245,-1.3615098688919844,-0.5032572436852896,-0.7144853331680924,-0.5814386118579509,-0.37855311580817,-2.149681448188227,1.9987640908019169,0.769021471125955,2.4948229125141985,1
0.3229811733256049,-1.3619036618963885,0.877685377502869,-0.6403064625218856,-0.4256445836788114,-0.8526067825038178,-1.0123169343572906,-1.6582369645944566,-0.37032255754914234,-0.6239565707913395,1.7229910700200881,1
-0.09095535694473339,-1.906347280318986,0.514765565412861,-0.6234195760288505,-0.5563637458329418,-0.7663152917844317,-0.8745481620249149,-0.9848600868745121,0.21545862359999812,0.7220388837782226,1.3483464597161259,1
1.1174420191755,-1.401002446250703,0.9856155329364565,-0.11806575944807361,-0.2655999804764271,-0.5824682795000424,-0.5339507107636013,1.0139593303534573,-0.3965242863175334,1.0927851660387393,0.30249057689565084,1
0.2969232633136957,-1.111711495521986,0.4951454784163447,-0.30200082364882386,-0.4793389167778834,-0.35197230003394253,-0.6914638627381244,-0.7480348662292555,-0.5167894284293518,0.949085283936,0.9933679534399764,1
0.5593759598960044,-1.0325508034703599,0.8714632191200492,-0.7921286355165291,-0.7019140627330246,0.390548603921698,-0.23326333006558722,-0.8697890454826454,-0.713899191744797,1.1796340554381386,0.5357245912053364,1
0.7049785553432313,-1.4348413310912684,1.2466856370442472,-0.09372558116120011,-0.3007963824824198,-0.9447422011945549,-0.8087531166593607,-0.15167569311138163,-0.7291547747347285,2.485198447083319,1.3118946308219852,1
2.40505329699982,-0.3209338383510193,2.029655469831869,0.6117623763110861,0.36749233711833634,-0.6147945252322035,-0.5879073081297903,1.9989815053115785,-1.204409803639344,0.9087255718635859,0.08134844975426037,1
2.4554566123365418,-1.1987859784849917,2.235349244084966,-0.22514396489513805,-0.31486826234771925,-0.9354962833918784,-0.5080741021788256,1.0493846311178425,-2.663048218145931,0.9457638201790011,-0.5966859776161497,1
-0.7259504597896974,-0.5046962600779497,-1.103413473043716,-0.6588948445254292,-0.36959486143125464,-0.33674393320958135,-0.6779729886088864,-0.5627873380946337,0.5114406250560102,-0.1399247043640619,-0.6310990742431799,1
-1.9304517219329969,-0.46317860682026224,-1.381889811170867,-0.36797141225454205,-0.7611612898411046,-0.14336394031684382,-0.19967545101851294,-2.542475334374948,2.3514581111775983,0.5387806582087521,3.0548633400534086,1
0.1621161116073098,-1.0195495890470894,0.6317156459447163,1.6197765652775653,-0.35692093832117794,-0.9990037712355656,-0.9789013407426851,0.08007248099634612,0.18404169838332457,0.04600424585794502,1.1713697463835915,1
-0.23694489935055651,-1.2393361891107615,2.022211140268828,4.859159539914495,-0.7325057981828436,2.144588447566746,6.729731408050321,-1.8404600533874085,-1.8465908682311523,-0.845645855165017,1.7239388947931278,1
-0.01709901348851217,-0.8907620878153137,0.7400589651221812,-0.1856937127684104,-0.49487182854557876,-0.4281739319806618,-0.8191173811270331,-0.6127518517024138,-0.8409601961209923,0.9824927340609453,0.6047499704198896,1
2.1046794577911845,-0.7388122021794546,1.946200940485467,0.45464202895253186,0.12374663726466091,-0.3752387326227239,-0.5028750892946308,1.5373795357611089,-0.8326770538598094,-0.0395965968768667,0.28589524477972905,1
0.37812650925566116,-1.0838386352458158,0.9915518305519377,-0.6104310457736084,-0.3816801907453666,-0.8459472176677861,-0.96087561666646,-1.4224011735810704,-0.47899446451457894,-0.30585979324125223,1.7972754184270903,1
1.9445269765011253,-0.8486362322446432,1.2702381973348411,-0.7217908935395374,0.014919517511916155,0.31107416307513486,-0.315224691158929,0.3698692112260847,-1.8790389904159217,0.39842565788238415,-0.5040653853622322,1
1.7270327343605474,-0.47534650983230053,1.901121982048869,0.22033063382338072,0.2078392555400851,-0.6162421614178825,-0.6763231896179134,0.9755237246823634,-1.0613575272458666,-0.11116690044425068,0.7424429193911484,1
-0.5702694339237342,-0.9966069533844902,0.22494620816587568,-0.1794723975676462,-0.4049953265716165,0.39943088374479585,-0.40546600961006346,-0.9768039373303389,0.01219341185537598,0.4727054032235102,1.307588093674524,1
-1.0122706588819506,0.25258698479403796,-1.2033775171141055,-0.35140148212223976,-0.32029116828743287,1.9160544197587428,0.11629616602435666,-1.4278955259670325,0.37950972630022795,0.506333685797229,1.0231764380242032,1
-0.9352122000887245,-1.3136753081038377,0.19200718767034702,-0.0586488660348736,-1.2805862190670467,1.7743866708905456,1.1892940288271086,-2.727066357148165,-0.27193414758371026,-1.0749621430221623,1.143986414764015,1
0.15445849600439449,-1.6757407739019297,0.43115489160070014,-0.47262290457014955,-0.47014361156817663,3.6725500394953086,0.9024832497457029,-0.3566835575866907,0.9914644802132804,1.1838662361009133,0.5290192917082593,1
3.8897340878206585,0.8361888593355625,2.292599692290908,0.9976208488611931,0.2964438223055893,-0.9312185876268557,-0.18299927359013526,3.11182377621529,-2.0597947399955587,0.2231191938669137,0.826786595218936,1
0.2662078155099791,-1.1044736418732235,0.5811679440143787,0.2769587048079185,0.31319491405036515,-0.8163142477729849,-0.8571617905390767,-0.2862993395411568,0.014339413806809836,0.657778979148434,1.2001638718239307,1
0.7090596236737797,-1.2230200573940706,0.5620312532462548,-0.6248003926455513,-0.5035612797045584,-1.2162090963553143,-1.0960062059254645,-1.0422163640920346,-0.9581255970432581,-0.5518663087805101,0.9428229635846873,1
1.6650050053184002,-0.8932919299270049,1.5535555717010463,0.24426613022028082,-0.17778164902736662,-0.7651222231470823,-0.7259179499038546,0.76157098706009,-0.9226073619788171,-0.11931398885656543,0.4401854556095575,1
1.3865239268423708,-0.07294432616247144,1.5315802394811247,-0.3938227811911579,-0.06679963855688179,1.1500688920991409,0.05415849123891889,0.3913592732604023,-1.422185091939699,0.37241976864659077,0.6634806681513864,1
-1.9506719946838336,-0.6022426666460738,-0.9841346236385172,-0.3384586011612063,-0.7034690137782069,0.1424857227339554,-0.044219121919577525,-2.681685425481695,2.522600665867844,0.44072342334586034,3.2933788970484015,1
1.9128291309250456,0.7075975787361262,1.3864872407223479,0.6332302390360808,0.6917601719641255,-0.8632730202504582,-0.7758674349319667,1.1285934740609047,-0.9607753621042366,0.8315898796581929,1.5612362697161557,1
-0.37513047227806207,0.28720153484574473,-1.30106852101141,-0.518974223917133,-0.022317619092064672,-0.31814961846421536,-0.7955092066601348,-0.46557460760468616,0.20340904368837176,-0.5238235552783475,0.07543981693614665,1
0.1850032887627501,-1.7473884984368058,0.820985776038198,-0.38638202404957467,-0.3003911937903292,-0.5909346941956887,-0.7571277824770843,-0.9011481509146011,0.5482847437911067,0.5788751801328461,1.6586406519880286,1
0.5653259436148877,-1.3214361533318786,1.0489596731074569,-0.28528204344521924,-0.17214160153404495,2.1197990661396853,0.5284717941584578,-0.9992877485854672,-1.246400275927325,0.3595301876194577,1.4686449718727856,1
-1.9400975316811453,-0.6022426666460738,-0.7609297062677113,-0.3538927218012899,-0.660868700727606,0.19700703250863202,-0.000683534229704727,-2.666266243835561,2.5340970066195383,0.44072342334586034,3.2933788970484015,1
2.07095129265078,-0.7338123516132766,1.941452011818567,0.42111928919682545,0.10007726358786534,-0.37981231151710454,-0.49933197326947343,1.4561142543121413,-0.837016777123765,-0.17951070666374966,0.3730201015078636,1
0.808694322144322,-1.2236944790857969,1.120357023740601,1.9832854507938154,-0.06392327312016195,-0.7469250266764434,-0.8975060921128658,-0.8921060485018013,-0.7273207093945302,-0.7493573400268254,1.842464956854974,1
2.2319196199426576,-0.44594919676876466,1.946200940485467,1.0601878016646333,0.03683277508923509,-0.48137712278256206,-0.3854934972593511,1.869525362274633,-0.9906895090686111,-0.0379322207691179,0.1354120921453763,1
-0.15460083697313687,0.2665989053874874,-0.523050516726285,-0.492590572770635,-0.4513693440786557,-1.1838665005389521,-0.8632616060298283,-0.2598096042946373,0.6427233291530133,1.3505915004041336,0.10534019978869967,1
0.9380466304325215,-1.1645390421585557,0.7617299210194393,-0.5127769584736881,-0.5874477530781642,-1.1627139901590589,-1.0997369336145395,-1.047653960137354,-0.9117752076789469,-0.25825857967034616,1.1984018106361005,1
-1.7681978150337705,-0.39848130226961587,-0.9708866350335204,-0.30879367016485937,-0.7999794937189274,0.09168615657167928,1.2596561946821023,-2.595209413621307,1.6539069826638733,1.0301524007609273,2.899597790563998,1
0.5620317785035706,-0.6834425762584186,1.3055639145249018,1.204370115836517,-0.03708927744008411,-0.2969254684554298,-0.5062741756125266,0.3557725908089843,0.022827002777504532,1.5795786981494833,1.729421374645408,1
-1.7399904400805015,-0.33223521420616187,-0.8344410287353518,-0.22645265145626947,-0.7810401079704588,0.04320763407313233,1.2669143921283164,-2.5630760858125967,1.439241598838902,1.2403547133394,2.9009359922413442,1
2.33367995583244,-0.8313287825285609,2.0157804230328327,-0.4651855642319871,-0.3110144765959138,-0.34738463840526745,-0.37128918996157123,0.9107825641261728,-2.596556577444261,0.6132485559740806,-0.3660876540833461,1
0.3565381086466803,-0.7776196761640777,1.0236530588984458,-0.021892133963900967,-0.5646217865375188,-0.4352428655412446,-0.6679641922765052,-0.9307190334928788,0.25956303289689053,0.6942117861626262,2.488901943322985,1
1.3299946154074156,-1.1567482705619276,1.198828571859234,-0.015490452144648184,-0.37941110284329965,-1.0141830497208868,-0.8223365923933819,0.34878790318026354,-0.9980871004430641,0.3509387025443941,0.5147611294308644,1
-0.3008648648681914,-0.8292187244697764,0.3453577342409028,-0.22645265145626947,-0.5443332357959059,-0.9447422011945549,-1.036641734721115,-0.8302018230210669,0.46201405073998314,0.22742854854261052,0.8573845136576977,1
0.5758966300389063,-1.2580204363688805,0.821984640798815,1.4437943383499858,-0.2994475986216987,-0.601325858971077,-0.834905668153131,-1.0208635752432031,-0.42084301889028664,-0.244842836539659,1.6836096622676509,1
-0.8024600444333374,-0.9453844371495257,-0.1973825236939356,-0.5635681916732089,-0.5617467695489526,-0.055587349453636394,-0.5180237657085761,-1.0667316588187095,-0.09875981597251093,0.43969686767218474,0.3876602200622584,1
0.8607054474301574,-1.3645069887321255,1.0611801313750033,2.186401597647447,-0.12977068565721378,-0.5485027728095732,-0.8163524319231965,-0.9657376544029603,-0.7283653506083891,-0.7256383947993945,1.9099208801962082,1
-0.038196749983307854,-0.6160675537158988,-0.231857215603822,-0.22060371533611733,-0.3046455233817086,-0.06823356975219241,-0.3281751679460166,0.157922600125728,-0.31427847682007903,0.5821760701709251,-0.46638259319558073,1
0.3702736372177063,-1.273474754121767,0.33923965362225733,-0.4483581506288212,-0.484709650399125,-0.47938248700661,-0.6899927849594041,-0.8043111162923228,-0.2569040977354559,0.8891221646239408,1.1830131803726467,1
-0.534615616417982,-0.9296194811167632,0.13087396794547404,-0.543745953932996,-0.28529943068168717,0.15432556685867155,-0.6439973737485428,-1.3049826680392502,-0.41418973265483944,0.22472484574811205,0.9054609015105071,1
0.17770277446290825,-0.9289007162603731,0.8099056591239493,-0.31858635639931315,-0.5219317020548724,-0.17059969648008783,-0.6642508195658882,-0.7066456320840807,-0.8567055342757393,0.9603759460925686,0.6757112628287422,1
0.12419399001539677,-0.935191314122265,0.9170751666696098,-0.040629574701828444,-0.49713350240486154,-0.48834017394987494,-0.6904703080134534,-1.127834275088058,0.28747677136780087,0.9127336023496984,2.3518400508740394,1
-0.5387354194736931,-0.9206974684185554,0.12874432018230605,-0.5534307761280298,-0.2971454340353411,0.13184139280784665,-0.64838312443401,-1.3072035416878978,-0.43884051884181613,0.22988092173715383,0.8804804091444857,1
0.7003708779398639,-1.1974364304170688,0.9597858332778302,-0.4793778445382,-0.5580565682286751,-0.9440242080987664,-1.055039727786413,-1.391566325990484,-0.5282345749423616,-0.2475804876580236,1.6268813571505312,1
0.3748821893638721,-1.228489465442486,0.450667688701703,-0.12365125259185905,-0.12215258552525599,-0.5511218205337172,-0.7337465641514935,-0.6063377823683089,-0.18465766030512257,0.8967539616302784,1.2004459293130096,1
0.13777311060156705,-0.8549380227147305,0.5135648762671521,-0.5901039173655926,-0.44022462923481676,-0.9447422011945549,-0.9813235558745546,-0.7993110653890896,0.14738117769539988,0.2505950603433197,1.1940631423330104,1
-0.5161022047537812,-0.9633648569249669,0.8539842610178106,-0.23347094535637436,-0.279281583046746,0.9467311275728585,-0.037218431766217135,-0.7262219339842325,0.4497672431037202,1.1082592447780355,0.8118165925717602,1
-0.9436746717777403,-0.15433119460847233,-0.8675477782709128,-0.1123116372203389,-0.3482464973039561,-0.2110518258578406,-0.6031305493217055,-1.6069833646664748,0.45771232969921505,0.3143133392518666,1.7954648865163199,1
-0.6893327715463498,-0.6777852299764835,0.21966113153555197,0.8977402296797617,-0.5229106488682564,-0.6409340147054214,-0.510296913813306,-1.2490252039025138,-0.1621652940381697,-0.9099406384954716,0.7856636003476024,1
-0.42286996420672385,0.3645286672364291,-1.353754291361071,-0.6988930891864618,-0.129750954285288,-0.27141153797417594,-0.8093655679503724,-0.6946900996965008,0.1832472919887514,-0.7270981623319008,-0.07421842374720672,1
1.3071883956895474,-0.5521367864781601,1.5645150830605754,0.02600960088369253,-0.0026740983623612657,-0.9945851282990752,-0.9073131323669581,0.28135212224438727,-1.1838832858637356,-0.04502452305294632,0.8819027227403959,1
0.46231956639636007,-0.6934189125966528,1.1372869130757741,-0.3790548213722468,-0.4333901844999024,-0.692025817108274,-0.8096926184328728,-1.0015352203256986,-0.36995819379496353,0.33311452956487114,2.13495284994175,1
0.941744876845378,-1.4333815490926078,1.1548946147844725,-0.19723185518696296,-0.218025808239234,-0.9447422011945549,-0.7961934696219009,0.19158963373943927,-0.6448790112967413,1.79162775640996,0.6919856355900935,1
-1.7683188678862964,-0.3987655994770676,-0.9714721957205524,-0.3091470392823711,-0.8000607726991138,0.09189420370277207,1.259625045895428,-2.5953473148261814,1.6548282260299652,1.029250310807952,2.899630298031838,1
-0.6269938974629827,-0.837786117540833,0.16755583847931144,-0.42461175274589213,-0.5638142089006097,-0.019843782362820223,-0.534831710910086,-1.0940535462406162,-0.48681692846814073,0.4929629874556427,0.8093777566669954,1
0.317908910191665,-0.4407113462766341,1.1672668113318645,1.6035397779783684,0.1333886468599525,-1.1618603320428966,-1.0523520666942152,-0.3709449148767089,-0.5102928155975722,-0.3816543860503059,1.533587644223961,1
0.0020844768196674676,-1.407724070353134,0.8972552367688222,-0.33597008811353696,-0.21898918863251426,-1.0050671154597575,-1.029051183949341,-1.41429622849205,-0.29155528645126466,-0.08773394710200966,1.8397268146723895,1
0.5495601022728712,-1.1914755803439647,0.539881890669738,-0.6002951307985468,-0.49510653963211326,-1.1873540030758123,-1.0916860254917926,-1.088884304890805,-0.8394803236700873,-0.5768893788924371,0.902245359332665,1
-0.7938807246374245,-1.098001262035226,0.6060597917164507,-0.024268443410389428,-0.5064371621065938,0.7121180387379514,-0.32379160173853305,-0.9036796291446992,0.030504107872350916,0.7132087518178208,1.2602500745647622,1
0.48114151864927907,-0.675737285596073,1.1372869130757741,-0.18675172553114835,-0.5344917481435563,-0.5302843510428599,-0.7225153455380323,-0.9020460793781389,-0.10394123420688908,0.5201302962977327,2.3775658222886564,1
0.005592434126622692,-1.0882560810379154,0.7143093934276333,-0.06571166584082631,-0.3688469177331936,-0.6393094011885965,-0.7770316617655564,-1.264659940658685,0.3935240574598895,0.5911495879346306,2.029934496647986,1
1.785109714410782,0.3572270085732281,1.92151108242801,2.3322294149858607,-0.07961504724140239,-0.95291120514465,-0.7647675306460386,1.2062272121048205,-0.5709529234215244,0.14097253713715024,2.6304368249562513,1
1.8893765439531407,-0.7522934870839942,1.2910953219076122,-0.7908072162467813,0.017729283556592243,0.5683925632947755,-0.18950412767059902,0.29885479187372666,-1.6993726749586349,0.4846250272712295,-0.41535982697264145,1
2.1286116633699006,-1.3502017622849192,1.1445944837572746,-0.46563278898618143,-0.2812022624269902,-0.569227466325569,-0.7329621514978641,0.49362264592269833,-2.091611899023606,0.029267565015568042,-0.5086744311234717,1
-0.7122909505864738,-1.0225915155978653,0.44182716410862716,-0.3375358512326397,-0.39117518242016813,0.4504445485454759,-0.5240472908052649,-1.1696076631685721,-0.2962596223426269,0.46700032018694615,0.9678621361266007,1
-1.782559283690578,0.05781787923829651,-1.349372084808472,-0.5838301024792192,-0.6866863003624187,-0.8423449335177109,-0.48508818067091375,-1.9157432301787356,1.7887083502956396,0.9061471428358829,2.161276835960664,1
-0.35073603704170003,-1.2074208119788423,0.3831667953912009,-0.3244168193326302,-0.5855759406620995,-1.088795073078707,-1.0972578102979678,-1.1030926064794517,0.12403951433323046,-0.4399567506501517,0.6151435028091495,1
2.7320008016550346,-1.312010580620271,2.157953149939588,0.06651457999954263,0.07694606402543092,-0.635804936562651,-0.5526918890488237,1.4511934198426881,-0.788833315600817,0.6628712280659325,0.14123463405177228,1
-0.2463580522005272,-1.0448753152894978,0.5974504958868465,-0.25488495300087155,-0.3719780998819037,-0.7806314402944787,-0.8693819254618602,-1.489622150676833,0.40584233916899404,0.27559656340256466,2.114112687359075,1
-0.006231780538924314,-1.1962590620138804,0.6317156459447163,-0.12907333654701414,-0.3976699349724656,-0.9256314129840897,-1.0358186183529632,-0.6294993770440129,0.0018426223392815047,0.21955839531824406,0.8075008402386433,1
1.3330820645706973,-1.251537682344618,0.5859412031690945,-0.7012352863631148,-0.3982668492639872,-0.37867331729525533,-0.4972802038736316,0.02895819708351005,-0.6275474989906875,0.6429463993195795,0.510380193965852,1
0.4090291934955293,-1.5867599539498591,0.4645071115961337,-0.41685193719329316,-0.4203011787889416,-0.34438191172495214,-0.6218609410633448,-0.7552837671085427,-0.02216496959086356,0.8712798946693407,1.220108328897823,1
0.10177580307718526,0.031424323490481076,-0.9279310476088638,0.012600256413151198,0.016778181647630258,0.3787927157027297,0.012208467026743441,0.44598528048036645,0.41552007084796383,0.9796935371629798,0.17221393654816528,1
0.09957901682813045,-1.533965585744531,0.46735463057260107,-0.3524726186327817,-0.42408368807670255,3.1066393008258686,0.6977237357581008,-0.451710466394755,0.7677250361658274,1.1974983606251606,0.8385027132943836,1
-1.8243929888338084,-0.46438360179994276,-0.5127700699903269,-0.3085800130353177,-0.6676986551311862,0.18826582773527267,0.7022440005876937,-2.5938440366365003,1.9898059880846528,0.8489951983063944,3.1042198480186496,1
1.216085858830668,-1.1006939454676952,1.1981060947604283,0.1833944828030893,-0.03284721535545145,-0.1980910993014717,-0.40937374659477777,1.5331042067190048,0.06547752789381242,0.5686324153104982,0.11312381670174551,1
0.32873042569692146,-1.3609273172732952,0.87826657868686,-0.6459621150097599,-0.4172262699648101,-0.8386371839868452,-1.0055152229197226,-1.6594195601445476,-0.3816086723789691,-0.6416730283099912,1.7074068647015865,1
0.33587072363420867,-1.3220129850481697,0.8986422747696386,-0.6412685877299805,-0.41005215464896033,-0.8459472176677861,-1.004367907004502,-1.6303531059409937,-0.38711520594395465,-0.5997585678473163,1.7291913429104,1
0.4285427199663616,-0.7421822463083562,1.11536054379501,-0.5554442541043311,-0.36000303443952875,-0.8576327312067799,-0.8996531562666713,-1.1119118595749427,-0.6083294391889713,0.15964466435315744,1.9040700132396329,1
2.2062869948989015,-0.25410265502292306,1.946200940485467,1.1956399906877841,0.24843241798034388,-0.6368253550310329,-0.5200827358889173,2.0615910382877423,-1.145289168506378,0.8672068901058654,-0.15004163167606094,1
0.1193651981755477,-1.4839376844574272,0.6151715918275169,-0.38798462922553073,-0.900260471069926,-1.1349470769985748,-1.0723651816513755,-1.4661665686260132,-0.28084137115058416,0.26083474915094473,1.8763758327878812,1
1.0032859680168877,-1.2645184264896854,0.9764861623315911,-0.012049986478043825,-0.10184729127466778,-0.29710183895796904,-0.45384536788299445,1.3449692166092968,0.19018383553754392,1.0103269273169748,0.1018331543977228,1
1.0108392890730094,-0.9215468005196852,1.9898878359373717,0.6736652345852875,2.4723165769366253,-0.7629864862385541,-0.8517329379567882,1.0884916033431682,-0.728071846792877,1.636586850536815,-0.24104826725436973,1
2.257190806578298,-0.8463947802006271,1.8522022258386706,0.38803695592078236,0.058031169453725495,-0.3686709645291597,-0.4934916905485934,1.5326278633031993,-0.8686979895970723,-0.08619100207736996,0.20427956204651032,1
1.5823827034992552,-1.2090909960918244,1.278661026370516,-0.22930078330953482,-0.5455286308959062,-1.231066074589309,-1.056094590378603,-0.48295707636298846,-1.7829508309262592,0.9683442430936061,0.4252846338182023,1
0.19856039583275004,-0.93760914532649,0.813982149863272,-0.34564685693667024,-0.5265998729094021,-0.14271878204376476,-0.642782854622466,-0.7176283197650816,-0.8541859808270565,0.9787974809296645,0.6719771998870698,1
3.702278018225834,0.7163958041327816,2.301441093179022,1.5559867740024917,0.12492479616330236,-0.9153656109094827,-0.10270663795515796,3.242894969848782,-2.0250031710372642,0.18294200275706193,0.36951461991117673,1
1.355462157484701,-1.025162999560476,1.2660244264330416,0.07743840786632805,-0.36231133357139284,-1.0360679080889867,-0.8747621581677059,0.2791587189482311,-0.9980871004430641,0.034630393741950316,0.5147611294308644,1
0.10948483469416959,-1.3551377376810116,0.37746680041271297,-0.6386773109827759,-0.528485256406926,-0.9275864000418153,-0.913676203877737,-0.7726219585200946,-0.06788791555677359,0.45725394674092734,1.2530452649885568,1
2.661027793475153,-1.1343873851687567,2.3562934065344296,0.16059253694526976,0.1313627571245728,-0.6648758244840305,-0.5129256586078621,1.5188797391926996,-0.7726865528399716,0.5834232474262729,0.35016822806984493,1
1.0251783362727955,-0.9373913754451453,1.076300545435906,3.4167892533766953,-0.07894211783805605,-0.9966871989984899,-0.8972318894870096,0.7133770608194614,-0.3795770165014551,0.897655589056454,1.601392591075172,1
-0.0531458279822109,-0.8648002166156381,0.6996902999847843,-0.17727540683161255,-0.510200533268083,-0.31108381796522017,-0.7630934000301688,-0.6915733265973463,-0.8213655149382548,0.8011408494306645,0.7127800053098501,1
-0.7192789780645807,-0.8770105778325202,0.003800518897163041,-0.4725120349932097,-0.5966533831902615,-0.055587349453636394,-0.5126728193293819,-1.0544130725596392,-0.3135376228172452,0.5016836797822204,0.6054498581317947,1
-0.9535554227485282,-0.8413064983611369,-0.3944227541718069,-0.165741400714828,-1.1678761756398408,2.0506328306059585,1.1486492090657439,-2.663026242212301,-0.13115401417091527,-0.8839961764157755,1.1335500003879935,1
-0.4753389200934235,-0.6960622864827822,0.16074254702172158,-0.21209833592399902,-0.5504823419318883,-0.9785467870204926,-1.0312323798949519,-0.9098898411874639,0.7715173964737204,0.24831635900231064,0.898634340152229,1
1.1831923087088023,-1.5602802233912576,0.9369294059010145,-0.537220137520054,-0.2528412950859258,-0.9154928518979008,-0.731601609588807,0.504690507138234,-0.34769006288279686,1.9934835619674038,0.3192369377872325,1
-0.014393525587347966,-1.456876241207889,0.42948713909229297,-0.3280738154752972,-0.6563785508996178,2.638269513765004,0.48856782374386315,-0.677173950418092,0.2564873772540994,1.6600342447404706,1.2879372994653764,1
0.8692120262644163,-1.3296374940254108,1.223229560609312,-0.5360528599542396,-0.30534210408316553,2.134679100661272,0.6054269806717247,-1.0634682176532615,-1.6867743374261086,0.04891317684129676,1.0426903201299873,1
0.4195382398828297,-1.3191987842650232,0.9027878254751844,-0.6054989553499669,-0.4492716451967377,-0.8697700246562663,-1.0216877506516382,-1.5963147589493194,-0.41080552766409956,-0.5480814158122109,1.6964948759979936,1
2.0583877100356536,-0.5648635265012896,1.946200940485467,0.5222078636731742,0.37240140054278814,-0.5343570865129004,-0.6696373294021464,1.7061306267568848,-0.9836593891482561,0.9723085702312311,-0.012452619649712601,1
0.12420303671018573,-1.1614532281117058,1.066882193333805,-0.3868003837908888,-0.041557018987090966,-0.9147370558105409,-0.9750485803386332,-1.2931906200983658,-0.40553850357459575,-0.12324632625499066,1.8395793344380442,1
-0.210839908068503,-1.1411977981448065,0.4780599095726043,-0.030132713289752904,-0.29391458870089443,0.2763143833864099,-0.15423753519296324,-1.0551917925503376,0.08680539191459705,0.6120729854873332,1.7781523314937242,1
-0.017050220468435906,-0.5873796620768076,0.455923508364312,-0.4696898670766101,-0.4269413854278457,-0.9447422011945549,-1.0109875088991824,-0.843599026993977,0.40663286382309377,0.2023019129620695,1.1121207459503613,1
-0.0004378226922718241,-1.0882560810379154,0.7196129841578195,-0.08771555180880491,-0.36530411411484864,-0.6419003720016473,-0.7762558222073659,-1.270430369999972,0.4066360021879789,0.597141278315243,2.0469377968010396,1
-0.44531363828325954,-0.44849520551130406,0.16349793799538956,-0.31035454416696756,-0.4865240384219078,0.9644485197964223,0.007649748309598803,0.21802114698299271,-0.19858281412964107,0.07074103381400779,-0.49905192657374176,1
-1.3958550090876565,0.08343890770153078,-1.177038316279329,-0.37549924975349314,-0.5230563438482012,-0.6795695832516266,-0.5808636796150974,-1.6919216738140535,1.1374723059844816,0.6962567688288168,1.9040700132396329,1
-0.13713135240666313,-1.1472672007829707,0.41890670361893867,-0.5132757747293952,-0.4933543171015329,-0.8781331728631725,-0.9649056659242625,-1.3488911765361367,-0.41816528716726986,-0.6418411674786298,0.7193856583563406,1
-0.9061092614205984,-1.2651115030343074,-0.5326750151401562,-0.6569723484213972,-0.5320914588306187,-0.401989980492828,-0.7262512521626205,-1.0267667301774503,0.6494530440155123,0.10302113687274587,-0.11621433706844442,1
0.25044983992488595,-1.1558542154602622,0.5938879317728368,0.43390081278956344,0.06405640083019376,-0.7350670517614027,-0.8594530174897702,-0.5860597773033953,-0.021537523426333166,0.5980993292332466,1.3250261920256126,1
-0.07950427346141971,-1.112885567214083,0.5638646069400002,-0.0034470215265343385,-0.33649321990023695,1.3951313788292714,0.070871269766416,-0.7671793192659491,0.028708780451549315,1.325017919300561,1.8114494209857153,1
-0.36493001033246014,-0.21633780992677676,-0.14574756976964154,-0.35537187374170104,-0.4886227576192428,-1.0585945711812188,-0.9655316141514333,-0.6717823482674956,0.7662717951310157,0.765301545300768,0.6220743005295862,1
1.2357944001688388,-1.5742694954297574,0.9738377712523185,-0.3689917667371274,-0.39320710526271613,-0.9447422011945549,-0.6766648294041309,0.54531339088024,-0.852497661061863,1.5142577707500189,0.47160744038517816,1
0.4444076398971786,-1.3029443644167205,0.27904939235802845,-0.35332912640042374,-0.49109313973905544,-0.2555879913190923,-0.5686840888728956,-0.813319340895772,-0.3106354160302029,1.0118886304841026,1.163105275208289,1
-0.795588211804701,-0.7999842299164599,0.24039348762460155,-0.48576756988432046,-0.391808456035569,-1.0909978497958268,-1.0947341245528166,-2.0802980340717063,0.1844286636994058,-0.5183589641038273,2.2180263477026276,1
-0.8569429184102247,0.2870681744565728,-1.0506657721186923,2.9386202017968,-0.551511578816108,-0.4675777723174159,-0.8391516033994876,-0.25533663343274776,0.6228109648103655,-0.4075205441436547,0.3452798283618674,1
2.154664294450627,-0.29879037492559646,1.674652457837313,-0.8135656586196123,-0.3009980456934036,0.524332133647878,-0.1716805977695981,0.7204466084775891,-2.4668084573671796,0.1982167621684815,-0.029578268829627996,1
1.5370705035658654,0.15443178466970764,1.4226660017564952,1.0910218477610936,0.3953571309760684,-0.6369218758961275,-0.6977963683976064,0.8182292947739601,-0.47642091374743206,1.465054362063744,1.5282272952404983,1
0.4829367037431669,-0.7299882582170387,1.1311257889013648,-0.546723216033101,-0.35951882563691084,-0.8579868291111192,-0.9052729249203537,-1.0974909907387833,-0.6269214556080901,0.15514081977673883,1.8814956698351135,1
-1.003563690062806,-0.8268148859145861,-1.0271117551736908,-0.9314327278692776,-0.43755198405435475,-0.055587349453636394,-0.5793256119096812,-1.1108763890091653,0.6515688148886432,-0.0520770935931858,-0.4114447931083146,1
1.249423391730241,-1.5730423232155422,0.9862422055497044,-0.3094878839850472,-0.4335093479999732,-0.9449463007103819,-0.6564787340422656,0.569072552566274,-0.9980871004430641,1.3516378443041708,0.5147611294308644,1
2.2727312727850304,-1.004822844448956,2.4163102442293733,0.9807790409592352,-0.2373916425372476,-0.7766500816073965,-0.34557740090681355,1.7480773593303736,-0.6044537427759268,-0.018373409226560444,1.6525439812423715,1
-1.2414945365751635,0.01919699966201227,-0.607329534370186,-0.20115078835725556,0.4826439879542562,0.8863612274942745,-0.17013337682204305,-0.85614627241882,1.452813335183941,0.17629209678058438,1.0082544918210892,1
-0.24429231062718573,-1.3905601555577143,0.34869335779533833,-0.34488734509010455,-0.6571204181427905,-1.062914652270244,-1.0460874213506697,-0.8152732387712585,0.31311392451500925,0.09912716973450378,0.8125777635400352,1
0.24205624683689547,-1.1400840785284279,0.5791236576029746,0.4951558043153176,-0.0655656729773596,-0.6917901790959478,-0.8464942031335797,-0.6977419327137893,-0.03066286683583496,0.5480598574749209,1.3520743236485153,1
-0.052689460134411836,-1.235407192398319,0.41065488559628444,-0.5406643229091108,-0.5248527298732973,-0.7491324517201038,-0.8828212955651831,-1.370267768923893,-0.5507703499641741,-0.5952290313012528,0.7345029785467634,1
-1.854958760079327,-0.5408480495959456,-1.275612023972279,-0.530264034661731,-0.8631093875625662,0.21583746628064066,1.2859126121486972,-2.639118211379306,2.140498345008464,0.4846186347709205,2.8409958245377323,1
-0.2389976412734896,-1.0273784594568454,0.43190122128586583,-0.4794937566479311,-0.45204573532613135,-1.0419647113230646,-1.069212070074736,-1.3133940376499267,-0.24018210224070213,-0.6879705380130641,0.7073733064856447,1
-0.17111121055518497,-1.3826186135346883,0.4991505065852816,-0.43314103521397673,-0.7998581515588206,-1.1423321682480923,-1.083864192849939,-1.6230429441541905,-0.11780276402369494,0.05760719949317117,1.9684579741861736,1
-1.854958760079327,0.11958170955510372,-1.010389836013429,-0.505756420067771,-0.8743581921419844,-0.07183580825589927,1.363547775325643,-2.186021333700087,1.3031469250115362,1.4160241421518875,2.274552382255305,1
-1.7884331467520376,-0.4460047449587118,-1.0687696216466904,-0.36786325144807785,-0.8135661799595081,0.12646355027083592,1.2544493282776905,-2.6182611349707168,1.807903065508299,0.8793580241123022,2.9228965280327297,1
-1.8247890381550433,-0.17291303963273494,-0.5734107355559352,-0.2883372025894904,-0.8664450789677847,0.04320763407313233,1.5287544119132888,-2.338961722896722,1.0704763656604297,1.1982265785325477,2.444689360768533,1
-0.4753389200934235,-0.7545503244133644,0.17443192447286546,-0.20641879699025073,-0.5661586569097815,-0.9919221695600514,-1.0392426213286647,-0.9045704271926595,0.7545954308062214,0.2173854235801072,0.8672856874116527,1
0.2913362503281239,-1.3582635334778275,0.9012570407185508,-0.6088861662607207,-0.3589390886329892,-0.8568615058547366,-1.0109875088991824,-1.630751197628278,-0.36622687687171696,-0.6003211914197254,1.729061006518754,1
0.8153976713997116,-1.2345593121592129,0.34307265766094774,-0.5959733917160008,-0.3421068816526495,-0.5082176897248579,-0.5481480812445905,-0.28588323221518686,-0.39130197690521695,0.9750268935827489,0.8642288852739544,1
-0.44354258594753093,-1.281283219853034,1.4664360699916725,3.46966899535101,-0.9530869631536815,2.1247331227255937,5.577528104782958,-2.2402838213506424,-1.4242462246011383,-1.0698296548716375,1.5592033555792821,1
0.3230542301151932,-1.2122601421621966,0.5418327227926221,0.07807220775346196,0.13884025262243704,-0.6995784382712994,-0.8137634169251662,-0.452042747984456,-0.09074715789375516,0.8109264714134761,1.2282816338559288,1
-0.6532085479811489,-1.4087242004627902,0.10770388208440457,-0.1958497932897126,-1.281927632294269,1.4882840045243761,1.0878368138929142,-2.7773921706596987,-0.48582891634056,-1.2914975626029466,1.0765577221788956,1
0.32459993660246916,-0.9847992900214644,0.6274594245003077,0.9375787516513397,0.37728141350762856,-0.3602894919873696,-0.6622160539788567,-0.6583011003530753,-0.47970776279509236,0.21946999010389173,1.4409670519700435,1
0.4926445867802794,-0.6658963482989491,1.1273467104608053,0.023753369721503617,-0.6380176904945488,-0.34314302459621177,-0.6168888599160265,-0.7994806459782648,0.18597831812290516,0.7242642329881046,2.6317907959036435,1
0.5643163366857752,-0.8795432208787193,0.8401513597756352,-0.7267736635031241,-0.9633619328371305,0.5626548440862895,-0.11187053270234149,-0.7657554034815406,-0.4555763459479727,0.8279164894853825,0.3408915402641447,1
0.6915943331539265,-1.0960567979009945,0.7763663768765134,2.6872802576822163,-0.44717609164132754,-1.128060864122581,-1.0320238600310545,0.41564374110014435,-0.09711310996104555,0.5067289801949839,1.6004845955242506,1
0.0066270543792429255,-1.4205261688204427,0.8612986006524863,-0.3426002772828215,-0.2982902348917774,-1.0206812907446328,-1.0337266881246516,-1.4234039145474089,-0.2866166886706868,-0.04711221708969546,1.8470459826646075,1
0.4996532604709332,-1.3021591251512112,0.6360990311797918,-0.2867436396093992,-0.41044266690539377,-0.5418677486085051,-0.6927459469889485,-0.6387801489872085,-0.4307592424586857,1.5425141762840462,1.2521190504296487,1
-0.31543258150571485,0.26178118116164456,-1.3004894586177258,-0.43088026544436037,-0.23540070967801957,-0.5836700828454019,-0.8334886594684683,-0.08221667509344413,0.2597610233114924,-0.5427233314962695,-0.6723997108200799,1
-0.9984492387041103,0.25907901051270277,-1.2641569815172813,-0.3816613827509301,-0.45485361967523996,2.0585792800472373,0.1767561040961857,-1.5192171647701587,0.2893515276306239,0.540666249406498,1.0565808086197266,1
0.211053869753015,-1.200422853944108,0.25621219459481626,-0.36126851936112286,-0.5204264387016306,-0.21096123494471875,-0.5545992139502719,-0.8625682842877048,-0.3506929105001757,0.9142627952061351,1.0839498699969539,1
-1.196934418272659,-0.7980454298462262,0.7879073894574803,-0.36424942758502904,-0.3544316946272321,-0.06604874797488952,-0.6295392266429658,-1.24810237475267,0.7873764110180446,1.1474902750662919,0.7331275138914112,1
2.1114482798801455,-0.8271501505029576,2.2406553656733683,1.031155393382206,-0.21608546454068353,-0.6396727883439497,-0.3406526376943674,1.7567984795180671,-0.6650057040682515,-0.28735558355823515,1.5162882416341104,1
0.0350697373521942,-1.5006846302487158,0.6361613986084793,-0.38411423408805884,-0.7948221022279875,-1.1184471586219245,-1.0630016716011028,-1.4804303546449906,-0.25569438318185667,0.20723478599395764,1.8928738792933846,1
1.395924532622226,-1.0011449722695938,1.2721931523019498,0.06742112796213251,-0.37354054317075003,-0.9780147973539882,-0.8664949360690076,0.24555008542973522,-0.9980871004430641,-0.06701183389135003,0.4942853181186807,1
-0.4678433331212173,0.43846382900844383,-1.3636427732965664,-0.7973554509972899,-0.216566297900613,-0.2134415262209895,-0.7920070442339538,-0.8053530400839657,0.26881202032598495,-0.8276410823937594,-0.16479685580042114,1
-0.27828358656085683,-0.5123455608424256,-0.03280787302688859,2.2927563762042547,-0.6086485568175471,-0.9355830282983447,-0.9968083831873632,0.11071223371983235,0.5117921465098099,-0.17077291713585963,0.784036154234983,1
-0.06296796452846043,-1.0703349187541784,0.4548214082261944,-0.5061872580364875,-0.4626376924130326,-1.076541416626479,-1.0750951809172897,-1.2681037991438275,-0.3838453518778154,-0.672985797404985,0.7464146629793708,1
-0.5933532247411889,-1.0352084052532526,0.2827271367148563,0.024512057693481068,-0.47277692537770016,0.5398000380129244,-0.2721927489543296,-0.794029736811217,0.2485135205778778,0.6135862375318699,1.5294978088359161,1
0.2495346010003817,-0.822841202229373,1.0472921730366773,0.07027953091936553,-0.5876032375987026,-0.16162530881999077,-0.4575831574791511,-0.9651061036394603,0.04985976625437323,1.1825680948656818,2.5445372118094283,1
0.3821115736343367,-0.9586051131818113,0.7069938866885317,0.9169419149688995,0.4220921023556927,-0.35197230003394253,-0.6475189398711263,-0.5951367129969878,-0.49454322647605997,0.2286121495348385,1.425054400979236,1
2.030889207537533,-0.340507171109057,1.5037367596874558,-0.8682724838747782,-0.14983225041763037,0.7001593652191662,-0.13385781452861983,0.5551949151504207,-2.216530621224605,0.2581120145027961,-0.14304144104955474,1
2.053964119880733,0.013102963955480273,1.6883888331248862,0.6273992589912982,0.5399936134461444,-0.6658231777517818,-0.708781707470542,1.5578574537876375,-0.9490576456987521,1.0466004417173542,0.6130072827066795,1
0.3545344579109229,-0.877731707141703,0.8262462168859923,0.3693773182383416,-0.566798710942389,-0.45327440603442165,-0.7174082892877447,-0.932029348052514,0.061166325187362175,0.5506081231596969,2.027723075353308,1
-1.828439039351691,0.1455320195072116,-1.2622873906805825,-0.5491939460380583,-0.840427489578425,-0.10880429248284748,1.19863678050211,-2.2325864563119406,1.535401114076046,1.5040034951481573,2.4169842127646355,1
0.3294393198983537,-0.4021598226538797,1.1729365421423619,1.2245372733292679,0.27243573147098993,-1.0841663956488872,-0.9970422393718466,-0.4808212244244282,-0.601049001136362,-0.30511505039875786,1.5172375133501923,1
0.9753376837318862,-0.6609318605757902,1.5194496283597139,1.127193576698266,0.017029318040867963,-0.5596819405255495,-0.7016485332005995,0.2650806150334453,-0.31606046768227364,1.7804826052991818,1.379702362166341,1
0.11411785233566427,-1.5715250919681538,0.4577644876224879,-0.3843031911827864,-0.43628602055477333,3.2565620636683503,0.7519692376679638,-0.42653565393867376,0.8269987578260706,1.1938868974871872,0.7565134410511533,1
-0.021333487037927118,-1.175087763273205,0.5254406407345026,-0.3017900376247942,-0.7672505597010741,-1.0552283750360256,-1.024509705981093,-1.6687237825197436,-0.3445648242127576,0.28196322918556044,2.0265601128408712,1
0.6168601198954169,-1.3555431664083264,1.3420622744945458,0.058855821684775725,-0.23874042914412338,-0.9447422011945549,-0.8438464645782559,-0.23180023267065128,-0.7950155162416069,2.2483110622147837,1.343680625368806,1
1.6724837454662471,0.42156250964529596,1.9704388314426053,2.2372199193903333,-0.04100309706578105,-0.9161693698034301,-0.7953496774483528,1.0526927020159147,-0.5353134541765878,0.2542539927990268,2.662651422072944,1
1.047666989532051,-0.8872666553069778,0.34867995482602665,-0.07679530071165241,-0.08548349867369942,-1.0069071229662152,-0.8493611820391509,0.062044626304927894,-0.8769577849050212,-0.06979576254742764,0.14427876041519247,1
0.2879561785120063,0.025632534221786463,-0.759291729968897,0.0935071161546962,0.03084932234612288,0.44986893976082354,0.11796851543455605,0.5440928802805003,0.2111180605794546,1.0265554832808725,0.24115314188176462,1
0.10365577921310154,-1.3816724398287004,1.367576933889765,-0.5559985021151136,0.02905026425558882,2.0487911369300984,1.6255081988369842,0.06568037064343518,0.016104819066418474,0.5473584026205701,0.08511629975853846,1
-0.24188964564292026,-1.787800590879392,0.37841512066776756,-0.6444667633968206,-0.6643652410427493,-0.8429287282012212,-0.9204303729411156,-1.1156220566091808,0.06242879770461107,0.7845859374419795,1.3474031787514276,1
-1.7324873917274424,-0.6022426666460738,-0.2629013933647707,-0.3796662963347522,-0.0795699367358255,0.6145126707863552,0.1942107975954289,-1.3378523757443586,2.863062358111389,-0.031118867751577295,1.9926356052702743,1
-0.015465640098121944,-1.251275235404273,0.9159755118972509,-0.24386363345208512,-0.08848918602941785,-0.8273020300042496,-0.9172108389640822,-1.3417440110680083,-0.013474786943163508,0.09480465698508814,1.9215499323856722,1
-0.39574282607165834,-0.22601179309967684,-0.053865032178312844,-0.22921754627476698,-0.37555969960358715,1.2623993030622342,0.19574411011653398,0.33783393267281325,-0.00021685184245515132,0.21665485623675507,-0.2770922197213326,1
-1.7749384389371383,-0.2665738553953182,-0.7268627598167697,-0.2519570969465845,-0.8162380109610474,0.04320763407313233,1.3748263732205392,-2.4707119586125823,1.287262589278392,1.2229924686738938,2.70432466135586,1
-1.7399904400805015,0.12467360745015099,-1.2622069474918864,-0.581401325898049,-0.6830693521319597,-0.8762916058728092,-0.2849714734790443,-1.8627309885796877,1.5978749673048878,1.0470486253730351,2.0561119331399134,1
-0.5525112971049809,-0.8182486285980034,0.14876866141814596,-0.378804487489764,-0.5911116004768113,-0.09197687621909317,-0.5026258674425897,-0.8431453066887454,-0.49812223905189135,0.5233995513796879,0.5197005856018625,1
0.25202865344744413,-0.7950865254581219,1.085720405919708,0.052661953052020934,-0.6258822785729509,-0.3418717268965396,-0.6137179858000723,-0.9841490470172868,0.14849752955483042,1.187937315352743,2.592140612699658,1
1.2749178150512568,-0.3096130090204207,1.7206153564139182,-0.02109142302364944,0.19775082697882448,-0.9668542587639566,-0.9156168559982683,0.2960569453333147,-1.289135039407672,-0.028992425797868523,1.0898849071283632,1
0.21447099989952778,-0.1782174385269238,-0.3654497194232609,0.160412537929801,-0.21027744593581937,-0.09211622446030221,-0.2500044685736709,0.12737434641868034,0.15577090249690687,0.5433895677000274,0.44268809485675475,1
-0.8349874474111082,-0.9721215802547863,-0.27605381494240444,-0.5991750963599928,-0.5480967703596339,-0.055587349453636394,-0.5201162177146238,-1.0715487600757294,-0.014772382546861529,0.41545733691320175,0.3024950300601803,1
0.3294393198983537,-0.6854654815701029,0.9077008983307355,1.0891000942444404,0.34252799282632485,-0.7253406856478803,-0.8299029782984662,-0.5590450558159491,-0.550607774275544,-0.05156682239801047,1.4798597160956939,1
-0.5952009601035334,-0.9410728863124997,0.9026812248070538,-0.2796508689038175,-0.279281583046746,0.8787597052554188,-0.05350110635126925,-0.7218967566333491,0.5185628874256643,1.0846813807277405,0.6333910403159156,1
-1.8408706413218365,-0.5691561863407184,-1.3224219289310994,-0.5209351600732725,-0.8487744876799524,0.21658509701103773,1.2409563432054205,-2.6779969737458718,2.2069658963209617,0.4885920402994266,2.919113312206914,1
1.0731463785140507,-1.027515186138204,0.9919250795755532,3.3642798812247516,-0.17556421653859589,-1.0172972328890633,-0.9342606653591528,0.6040884206511798,-0.4317268948127153,0.897655589056454,1.7752903062684644,1
-0.6734190426025021,-0.7731916367293847,0.27964185053213114,0.7960421880748424,-0.5376591396461186,-0.6867435241580648,-0.5808718089662153,-1.2557783877276512,-0.16136185955719232,-0.8466382024999723,0.7806271574776857,1
0.1507373139112015,-0.9082967361263372,0.73839040669891,-0.20789048541241728,-0.46580022081914474,-0.38494569488393987,-0.7742848861663613,-0.5640956503612031,-0.8244265906209383,0.8532477135438629,0.7000023139386996,1
1.0166999035198099,-1.1962590620138804,0.4058356062616042,-0.6926547753463834,-0.25142462484552025,-0.6264502031051067,-0.5310974037187823,0.07200576570950346,-0.4023675925672922,0.9471730134103163,0.6712492224419604,1
-0.08087527820614847,-1.1180373376970965,0.5602472246591651,-0.009450234916062838,-0.3484602264353511,1.4092690186074626,0.07439907877148064,-0.7706778042088525,0.021256138310958322,1.3427269937955884,1.8114494209857153,1
-0.040100374784041506,-1.2271183096504545,0.5835640462099957,-0.30636246076399903,-0.5770279522266027,-0.9447422011945549,-1.041978227399937,-0.7205183573575932,-0.010061786322896615,0.16330297344467742,0.8058587177816968,1
0.6862815432861823,-1.3005603425467447,0.9472899874011294,2.3831329976074738,-0.18477386296451498,-0.7164779763012272,-0.903867902219311,-0.6666965603640675,-0.5111001886229314,-0.6189262468173896,1.7763432454896269,1
-0.44124270592797227,-0.4576424238891682,-0.10820937509533568,-0.608278198306807,-0.4954899004003691,-1.241127151774861,-0.9415432173538151,-0.32620145623370805,0.035197150512745856,2.035155811732371,-0.20344551140499728,1
0.8342758683483882,-0.738430135749657,1.231786884853444,3.403165444578375,0.09407608783485316,-0.9705237677320391,-0.8296389342299844,0.933229247507895,-0.18834061373358885,0.8181614918675179,1.155048509987045,1
0.3844938506344398,-0.8327008155374418,0.889484262880688,0.2994130079590057,-0.5828913107400115,-0.4326785569474934,-0.6989066438322957,-0.903633858192537,0.0872233183321344,0.5863294684850979,2.1532294307368667,1
1.2042125286787957,-0.2674794686807822,1.5527471413226461,3.0800934409919978,0.08546649492141614,-0.9447422011945549,-0.8039055178966826,1.02787408778474,-0.364596785075144,0.6209288608338566,1.7499220051308424,1
-0.007262168827330245,-0.5882155751631232,0.462966874593595,-0.4748848859140347,-0.42514901388674137,-0.9447422011945549,-1.0109875088991824,-0.8418960613694252,0.39792628809012726,0.19964951688866156,1.1149881766241343,1
0.10317826283811471,-0.11394073662023496,-0.06961880220593819,0.04490294533554451,-0.439006372091703,-0.7408352042712827,-0.6358424669425191,-0.19268794587171198,0.2823990902757564,0.4358397984874183,0.520683363808908,1
0.4444076398971786,-1.2774840141987678,0.3028858113253077,-0.37310794688352555,-0.4819944252306788,-0.3021673515856053,-0.5965795094680941,-0.813319340895772,-0.3106354160302029,1.0118886304841026,1.163105275208289,1
0.0435961961897168,-1.270731204329351,1.3422905419801525,-0.5416604295639871,0.021167822964512764,1.8882844828197258,1.5635958918596964,0.11436478427496996,-0.06065298533461649,0.4515491653630222,0.014125425574748628,1
1.7976584847547188,0.1805316159709182,2.0969445375682385,2.1058662559977614,-0.13268441663835337,-0.922989205385052,-0.680145012031486,1.278160245889755,-0.5606178467257865,0.04195593404171595,2.6560813492490722,1
1.15918737460733,-0.3339466726714998,1.513147668708078,3.1505046820978464,0.0973431208928674,-0.9447422011945549,-0.8039055178966826,1.0220121637299249,-0.3471144885586787,0.6624705430337872,1.6618302105267584,1
-1.8637113970949932,-0.6022426666460738,-1.3905694225795153,-0.5428976526842766,-0.8523569106111797,0.22575490710822385,1.1337305108195,-2.695242403410211,2.328453639253201,0.38795523244507496,2.951101669211895,1
0.21447099989952778,-0.9677303548028209,0.47042098531474114,0.6340480606935394,-0.4829496282845779,-0.54956226708748,-0.7642896155572992,-0.9307080545745396,-0.032756242362026705,0.33261564237719204,1.330716622017314,1
-0.3938556429948905,-0.35268359006793937,-0.23609834823568887,2.4217507713374404,-0.5972369408932896,-0.8421112273981699,-0.96532056773536,0.037603553009599555,0.5339652497981735,-0.2180570592955007,0.6964060615990677,1
0.09503882272033817,-1.1443542790455663,0.5568614427450893,0.3042502450066845,-0.34120627852245633,-0.1903541833313054,-0.4351243782831258,-1.1300877693669333,-0.02819192785066613,0.5022752526926796,1.6815089461332458,1
0.19322306438529238,-1.7104329277127834,0.5849969251616298,-0.6117643566885469,-0.4200385315718792,-0.7836699363937464,-0.8498909349239738,-0.7116208488526041,0.21954696965476894,0.48728392176643676,1.29347729984513,1
-0.16365240674884612,-1.07878859188696,0.5279767595059612,0.025253026675824523,-0.31311535994230266,1.1889772912542944,-0.0030457781728127076,-0.7578015096385181,0.09720823872710213,1.1302049676854973,1.7627349626775226,1
-0.6877784404042986,-0.4284914487754832,-0.5970636806903715,1.987854641937915,-0.1777460718651002,-0.5839240720526356,-0.7203064800577148,-0.4215250620221903,0.18118733816084287,-0.2794230856615688,0.7322166087659672,1
0.13847786889659416,-0.8456691740941937,0.5160442065330314,-0.5890752765216289,-0.43856843427485587,-0.9447422011945549,-0.9824116276711621,-0.7998248879900516,0.15121217199986475,0.2470938052361243,1.192927609854464,1
-1.7800681602864368,-0.6022426666460738,-0.7977751312391731,-0.4891884019700404,-0.45596107026581834,0.4553151184428599,0.8133798285124738,-1.9796832808469895,2.5855785543077796,0.16037198916796053,2.4000084130412076,1
-0.21109886235860395,-1.350907117721181,0.3148727035751447,0.025253026675824523,-0.3449589647198986,0.17511290183597997,-0.054572905087593354,-0.5082125389215498,0.4808626213526128,0.653937780476849,0.9904814384456666,1
-0.04170371950060148,-0.8984667656354588,0.722025834493897,-0.20364980192432458,-0.49624853120804036,-0.4598890365221153,-0.8254485556740322,-0.6034087740470973,-0.8275853285585297,1.0415738223957303,0.5651059633908833,1
0.1453420449144505,-1.6166366958018847,0.6343183049802228,-0.4951546697894786,-0.36280370123201233,3.3383827531142547,1.0677288349875025,-0.26103868381212497,0.7865526191855318,1.0443943426299394,0.420948520160871,1
0.0966693435955224,-0.4626748237369882,0.09160899106605273,0.07636294213974676,-0.43366882148481134,-0.4483325309819232,-0.5174491082928444,-0.09213705164281122,-0.08661876374218741,0.157956035512095,0.22548641358106403,1
-0.04982237526445071,-1.1484744907665776,0.9304144412734643,-0.26020864122875587,0.0383680255318318,-0.9152186499690895,-0.9888861995911,-1.5145283887380514,-0.36666332985723205,-0.15933230756790528,1.9083238821996487,1
0.5206924537459447,-1.2430942415572934,0.33508210956372075,-0.4387935077302982,-0.44409451856634496,-0.39130430172419156,-0.614629105144759,-0.7048653072257559,-0.32722247513593683,1.0043089369643785,1.1016488266951265,1
-0.6501746452506936,-1.0522422810849008,0.09665571893275636,-0.4152468328703267,-0.6282256015940387,0.6894358409133472,-0.0002968196343440255,-1.8638604202246836,-0.39917456539719365,-0.3041187140320232,0.9662782799060055,1
-1.0889263762667336,0.4454208170206633,-0.8580451423164327,-0.14255075874557172,0.41657668918402924,1.045078344589808,-0.24313221780034605,-0.7967491095701076,1.0527021005549178,0.1297353871054836,0.9435821267571342,1
-1.8201775622757441,-0.5205577067210269,-1.2223247124656316,-0.46052935443926946,-0.8348804543986997,0.18102099720514866,1.2462809951354736,-2.654423794977509,2.0494862384900205,0.6427975655233761,2.9228965280327297,1
0.0948553942223952,-1.4509864575347857,0.7813433899683399,-0.2767347319970414,-0.3256113379302423,-0.6167567634294226,-0.7648599354928397,-1.0736754814524958,0.49928126657338767,0.5938037392520725,1.8523067884879318,1
-0.4237306730036764,-0.5733672302494794,-0.1322722572733228,-0.1347431094545285,-0.3676038871803322,1.6289766807733486,0.11041895564574483,-1.0581482789945438,0.1358435710482332,0.9789516199451282,1.528853900756794,1
-0.6045221163491098,-1.0075472504764043,0.440340929396026,-0.05773714123207807,-0.42454388718135216,0.6104736182710164,-0.22020103898234755,-0.7742276427837597,0.32909567242730964,0.7250647069184536,1.2816487999381478,1
1.539387152389087,-1.256213446607686,1.240846582781207,-0.23975991998393792,-0.5310942971570785,-1.194118985480789,-1.0044652700682524,-0.34711990649331703,-1.6816724085425698,1.0181849122428093,0.43683063596368626,1
-0.5286748410428928,-1.08571984306161,0.2838385910753916,0.025253026675824523,-0.45157459227676444,0.4783356947944843,-0.2361667976449655,-0.7461812593607869,0.28905032451283236,0.6188772332371698,1.4453170775219224,1
-1.8402248257672202,0.20919456045508467,-1.319297969503737,-0.5921992620832544,-0.8483408652698026,-0.12905989984988792,1.1895387805991195,-2.18854867371349,1.548214380964886,1.5391347268094444,2.353685237998038,1
0.5240695944483637,-0.8706707222093959,0.8147215910700398,-0.7200483981074778,-0.9638644896841161,0.5198456426333639,-0.1347412064354304,-0.7692053187756673,-0.4374544581040486,0.832186553106298,0.34306444830542343,1
-0.23315424457357992,-0.8531022038493445,0.25532894855069155,-0.0478184948547557,-0.3196190893404585,1.4652098699898721,0.0797700263224841,-0.8909803578293893,0.09699529407338417,1.1209698192469726,1.6823857751984863,1
1.753507016369937,0.5299808800327355,1.905544004127587,2.0959804655654923,0.05675255513515182,-0.932010504760419,-0.7962807668290742,1.120606084082806,-0.6008868501188241,0.2655497966007611,2.5944233021360015,1
0.10042643243593588,-1.4119757615919366,0.3114302392873513,-0.10127395102339715,-0.363252580923501,-0.05611655098499227,-0.1738549240651393,-0.5416317330886123,0.27109470124567864,0.7840344440864693,0.9167785332203628,1
-0.006692186608395434,-0.27823372371817945,-0.17210778969954643,0.8580025593765557,-0.319821547004066,-0.54956226708748,-0.6135355594118067,-0.10458594165410832,0.190952267232648,0.05555769434153617,0.7000023139386996,1
